series_id,date,value
CPIAUCSL,2000-01-01,169.3
CPIAUCSL,2000-02-01,170.0
CPIAUCSL,2000-03-01,171.0
CPIAUCSL,2000-04-01,170.9
CPIAUCSL,2000-05-01,171.2
CPIAUCSL,2000-06-01,172.2
CPIAUCSL,2000-07-01,172.7
CPIAUCSL,2000-08-01,172.7
CPIAUCSL,2000-09-01,173.6
CPIAUCSL,2000-10-01,173.9
CPIAUCSL,2000-11-01,174.2
CPIAUCSL,2000-12-01,174.6
CPIAUCSL,2001-01-01,175.6
CPIAUCSL,2001-02-01,176.0
CPIAUCSL,2001-03-01,176.1
CPIAUCSL,2001-04-01,176.4
CPIAUCSL,2001-05-01,177.3
CPIAUCSL,2001-06-01,177.7
CPIAUCSL,2001-07-01,177.4
CPIAUCSL,2001-08-01,177.4
CPIAUCSL,2001-09-01,178.1
CPIAUCSL,2001-10-01,177.6
CPIAUCSL,2001-11-01,177.5
CPIAUCSL,2001-12-01,177.4
CPIAUCSL,2002-01-01,177.7
CPIAUCSL,2002-02-01,178.0
CPIAUCSL,2002-03-01,178.5
CPIAUCSL,2002-04-01,179.3
CPIAUCSL,2002-05-01,179.5
CPIAUCSL,2002-06-01,179.6
CPIAUCSL,2002-07-01,180.0
CPIAUCSL,2002-08-01,180.5
CPIAUCSL,2002-09-01,180.8
CPIAUCSL,2002-10-01,181.2
CPIAUCSL,2002-11-01,181.5
CPIAUCSL,2002-12-01,181.8
CPIAUCSL,2003-01-01,182.6
CPIAUCSL,2003-02-01,183.6
CPIAUCSL,2003-03-01,183.9
CPIAUCSL,2003-04-01,183.2
CPIAUCSL,2003-05-01,182.9
CPIAUCSL,2003-06-01,183.1
CPIAUCSL,2003-07-01,183.7
CPIAUCSL,2003-08-01,184.5
CPIAUCSL,2003-09-01,185.1
CPIAUCSL,2003-10-01,184.9
CPIAUCSL,2003-11-01,185.0
CPIAUCSL,2003-12-01,185.5
CPIAUCSL,2004-01-01,186.3
CPIAUCSL,2004-02-01,186.7
CPIAUCSL,2004-03-01,187.1
CPIAUCSL,2004-04-01,187.4
CPIAUCSL,2004-05-01,188.2
CPIAUCSL,2004-06-01,188.9
CPIAUCSL,2004-07-01,189.1
CPIAUCSL,2004-08-01,189.2
CPIAUCSL,2004-09-01,189.8
CPIAUCSL,2004-10-01,190.8
CPIAUCSL,2004-11-01,191.7
CPIAUCSL,2004-12-01,191.7
CPIAUCSL,2005-01-01,191.6
CPIAUCSL,2005-02-01,192.4
CPIAUCSL,2005-03-01,193.1
CPIAUCSL,2005-04-01,193.7
CPIAUCSL,2005-05-01,193.6
CPIAUCSL,2005-06-01,193.7
CPIAUCSL,2005-07-01,194.9
CPIAUCSL,2005-08-01,196.1
CPIAUCSL,2005-09-01,198.8
CPIAUCSL,2005-10-01,199.1
CPIAUCSL,2005-11-01,198.1
CPIAUCSL,2005-12-01,198.1
CPIAUCSL,2006-01-01,199.3
CPIAUCSL,2006-02-01,199.4
CPIAUCSL,2006-03-01,199.7
CPIAUCSL,2006-04-01,200.7
CPIAUCSL,2006-05-01,201.3
CPIAUCSL,2006-06-01,201.8
CPIAUCSL,2006-07-01,202.9
CPIAUCSL,2006-08-01,203.8
CPIAUCSL,2006-09-01,202.8
CPIAUCSL,2006-10-01,201.9
CPIAUCSL,2006-11-01,202.0
CPIAUCSL,2006-12-01,203.1
CPIAUCSL,2007-01-01,203.437
CPIAUCSL,2007-02-01,204.226
CPIAUCSL,2007-03-01,205.288
CPIAUCSL,2007-04-01,205.904
CPIAUCSL,2007-05-01,206.755
CPIAUCSL,2007-06-01,207.234
CPIAUCSL,2007-07-01,207.603
CPIAUCSL,2007-08-01,207.667
CPIAUCSL,2007-09-01,208.547
CPIAUCSL,2007-10-01,209.19
CPIAUCSL,2007-11-01,210.834
CPIAUCSL,2007-12-01,211.445
CPIAUCSL,2008-01-01,212.174
CPIAUCSL,2008-02-01,212.687
CPIAUCSL,2008-03-01,213.448
CPIAUCSL,2008-04-01,213.942
CPIAUCSL,2008-05-01,215.208
CPIAUCSL,2008-06-01,217.463
CPIAUCSL,2008-07-01,219.016
CPIAUCSL,2008-08-01,218.69
CPIAUCSL,2008-09-01,218.877
CPIAUCSL,2008-10-01,216.995
CPIAUCSL,2008-11-01,213.153
CPIAUCSL,2008-12-01,211.398
CPIAUCSL,2009-01-01,211.933
CPIAUCSL,2009-02-01,212.705
CPIAUCSL,2009-03-01,212.495
CPIAUCSL,2009-04-01,212.709
CPIAUCSL,2009-05-01,213.022
CPIAUCSL,2009-06-01,214.79
CPIAUCSL,2009-07-01,214.726
CPIAUCSL,2009-08-01,215.445
CPIAUCSL,2009-09-01,215.861
CPIAUCSL,2009-10-01,216.509
CPIAUCSL,2009-11-01,217.234
CPIAUCSL,2009-12-01,217.347
CPIAUCSL,2010-01-01,217.488
CPIAUCSL,2010-02-01,217.281
CPIAUCSL,2010-03-01,217.353
CPIAUCSL,2010-04-01,217.403
CPIAUCSL,2010-05-01,217.29
CPIAUCSL,2010-06-01,217.199
CPIAUCSL,2010-07-01,217.605
CPIAUCSL,2010-08-01,217.923
CPIAUCSL,2010-09-01,218.275
CPIAUCSL,2010-10-01,219.035
CPIAUCSL,2010-11-01,219.59
CPIAUCSL,2010-12-01,220.472
CPIAUCSL,2011-01-01,221.187
CPIAUCSL,2011-02-01,221.898
CPIAUCSL,2011-03-01,223.046
CPIAUCSL,2011-04-01,224.093
CPIAUCSL,2011-05-01,224.806
CPIAUCSL,2011-06-01,224.806
CPIAUCSL,2011-07-01,225.395
CPIAUCSL,2011-08-01,226.106
CPIAUCSL,2011-09-01,226.597
CPIAUCSL,2011-10-01,226.75
CPIAUCSL,2011-11-01,227.169
CPIAUCSL,2011-12-01,227.223
CPIAUCSL,2012-01-01,227.842
CPIAUCSL,2012-02-01,228.329
CPIAUCSL,2012-03-01,228.807
CPIAUCSL,2012-04-01,229.187
CPIAUCSL,2012-05-01,228.713
CPIAUCSL,2012-06-01,228.524
CPIAUCSL,2012-07-01,228.59
CPIAUCSL,2012-08-01,229.918
CPIAUCSL,2012-09-01,231.015
CPIAUCSL,2012-10-01,231.638
CPIAUCSL,2012-11-01,231.249
CPIAUCSL,2012-12-01,231.221
CPIAUCSL,2013-01-01,231.679
CPIAUCSL,2013-02-01,232.937
CPIAUCSL,2013-03-01,232.282
CPIAUCSL,2013-04-01,231.797
CPIAUCSL,2013-05-01,231.893
CPIAUCSL,2013-06-01,232.445
CPIAUCSL,2013-07-01,232.9
CPIAUCSL,2013-08-01,233.456
CPIAUCSL,2013-09-01,233.544
CPIAUCSL,2013-10-01,233.669
CPIAUCSL,2013-11-01,234.1
CPIAUCSL,2013-12-01,234.719
CPIAUCSL,2014-01-01,235.288
CPIAUCSL,2014-02-01,235.547
CPIAUCSL,2014-03-01,236.028
CPIAUCSL,2014-04-01,236.468
CPIAUCSL,2014-05-01,236.918
CPIAUCSL,2014-06-01,237.231
CPIAUCSL,2014-07-01,237.498
CPIAUCSL,2014-08-01,237.46
CPIAUCSL,2014-09-01,237.477
CPIAUCSL,2014-10-01,237.43
CPIAUCSL,2014-11-01,236.983
CPIAUCSL,2014-12-01,236.252
CPIAUCSL,2015-01-01,234.747
CPIAUCSL,2015-02-01,235.342
CPIAUCSL,2015-03-01,235.976
CPIAUCSL,2015-04-01,236.222
CPIAUCSL,2015-05-01,237.001
CPIAUCSL,2015-06-01,237.657
CPIAUCSL,2015-07-01,238.034
CPIAUCSL,2015-08-01,238.033
CPIAUCSL,2015-09-01,237.498
CPIAUCSL,2015-10-01,237.733
CPIAUCSL,2015-11-01,238.017
CPIAUCSL,2015-12-01,237.761
CPIAUCSL,2016-01-01,237.652
CPIAUCSL,2016-02-01,237.336
CPIAUCSL,2016-03-01,238.08
CPIAUCSL,2016-04-01,238.992
CPIAUCSL,2016-05-01,239.557
CPIAUCSL,2016-06-01,240.222
CPIAUCSL,2016-07-01,240.101
CPIAUCSL,2016-08-01,240.545
CPIAUCSL,2016-09-01,241.176
CPIAUCSL,2016-10-01,241.741
CPIAUCSL,2016-11-01,242.026
CPIAUCSL,2016-12-01,242.637
CPIAUCSL,2017-01-01,243.618
CPIAUCSL,2017-02-01,244.006
CPIAUCSL,2017-03-01,243.892
CPIAUCSL,2017-04-01,244.193
CPIAUCSL,2017-05-01,244.004
CPIAUCSL,2017-06-01,244.163
CPIAUCSL,2017-07-01,244.243
CPIAUCSL,2017-08-01,245.183
CPIAUCSL,2017-09-01,246.435
CPIAUCSL,2017-10-01,246.626
CPIAUCSL,2017-11-01,247.284
CPIAUCSL,2017-12-01,247.805
CPIAUCSL,2018-01-01,248.859
CPIAUCSL,2018-02-01,249.529
CPIAUCSL,2018-03-01,249.577
CPIAUCSL,2018-04-01,250.227
CPIAUCSL,2018-05-01,250.792
CPIAUCSL,2018-06-01,251.018
CPIAUCSL,2018-07-01,251.214
CPIAUCSL,2018-08-01,251.663
CPIAUCSL,2018-09-01,252.182
CPIAUCSL,2018-10-01,252.772
CPIAUCSL,2018-11-01,252.594
CPIAUCSL,2018-12-01,252.767
CPIAUCSL,2019-01-01,252.561
CPIAUCSL,2019-02-01,253.319
CPIAUCSL,2019-03-01,254.277
CPIAUCSL,2019-04-01,255.233
CPIAUCSL,2019-05-01,255.296
CPIAUCSL,2019-06-01,255.213
CPIAUCSL,2019-07-01,255.802
CPIAUCSL,2019-08-01,256.036
CPIAUCSL,2019-09-01,256.43
CPIAUCSL,2019-10-01,257.155
CPIAUCSL,2019-11-01,257.879
CPIAUCSL,2019-12-01,258.63
CPIAUCSL,2020-01-01,259.127
CPIAUCSL,2020-02-01,259.25
CPIAUCSL,2020-03-01,258.076
CPIAUCSL,2020-04-01,256.032
CPIAUCSL,2020-05-01,255.802
CPIAUCSL,2020-06-01,257.042
CPIAUCSL,2020-07-01,258.352
CPIAUCSL,2020-08-01,259.316
CPIAUCSL,2020-09-01,259.997
CPIAUCSL,2020-10-01,260.319
CPIAUCSL,2020-11-01,260.911
CPIAUCSL,2020-12-01,262.045
CPIAUCSL,2021-01-01,262.687
CPIAUCSL,2021-02-01,263.579
CPIAUCSL,2021-03-01,264.961
CPIAUCSL,2021-04-01,266.614
CPIAUCSL,2021-05-01,268.383
CPIAUCSL,2021-06-01,270.654
CPIAUCSL,2021-07-01,271.903
CPIAUCSL,2021-08-01,272.676
CPIAUCSL,2021-09-01,273.91
CPIAUCSL,2021-10-01,276.55
CPIAUCSL,2021-11-01,278.919
CPIAUCSL,2021-12-01,280.845
CPIAUCSL,2022-01-01,282.543
CPIAUCSL,2022-02-01,284.5
CPIAUCSL,2022-03-01,287.674
CPIAUCSL,2022-04-01,288.561
CPIAUCSL,2022-05-01,291.298
CPIAUCSL,2022-06-01,294.957
CPIAUCSL,2022-07-01,294.913
CPIAUCSL,2022-08-01,295.097
CPIAUCSL,2022-09-01,296.349
CPIAUCSL,2022-10-01,298.007
CPIAUCSL,2022-11-01,298.786
CPIAUCSL,2022-12-01,298.832
CPIAUCSL,2023-01-01,300.42
CPIAUCSL,2023-02-01,301.45
CPIAUCSL,2023-03-01,301.821
CPIAUCSL,2023-04-01,302.845
CPIAUCSL,2023-05-01,303.334
CPIAUCSL,2023-06-01,304.014
CPIAUCSL,2023-07-01,304.609
CPIAUCSL,2023-08-01,306.082
CPIAUCSL,2023-09-01,307.276
CPIAUCSL,2023-10-01,307.696
CPIAUCSL,2023-11-01,308.148
CPIAUCSL,2023-12-01,308.741
CPIAUCSL,2024-01-01,309.698
CPIAUCSL,2024-02-01,310.967
CPIAUCSL,2024-03-01,312.345
CPIAUCSL,2024-04-01,313.023
CPIAUCSL,2024-05-01,313.175
CPIAUCSL,2024-06-01,313.044
CPIAUCSL,2024-07-01,313.569
CPIAUCSL,2024-08-01,314.062
CPIAUCSL,2024-09-01,314.732
CPIAUCSL,2024-10-01,315.631
CPIAUCSL,2024-11-01,316.528
CPIAUCSL,2024-12-01,317.604
CPIAUCSL,2025-01-01,318.961
CPIAUCSL,2025-02-01,319.679
CPIAUCSL,2025-03-01,319.785
CPIAUCSL,2025-04-01,320.302
CPIAUCSL,2025-05-01,320.62
CPIAUCSL,2025-06-01,321.435
CPIAUCSL,2025-07-01,322.169
CPIAUCSL,2025-08-01,323.291
CPIAUCSL,2025-09-01,324.245
CPIAUCSL,2025-10-01,
CPIAUCSL,2025-11-01,325.063
CPIAUCSL,2025-12-01,326.031
CPIAUCSL,2026-01-01,326.588
CPIAUCSL,2026-02-01,327.46
CPIAUCSL,2026-03-01,330.293
CPIAUCSL,2026-04-01,332.407
CPIAUCSL,2026-05-01,333.979
CPIAUCSL,2026-06-01,332.568
CPIAUCSL,2026-07-01,332.813
CPIAUCSL,2026-08-01,334.131
CPILFESL,2000-01-01,179.3
CPILFESL,2000-02-01,179.4
CPILFESL,2000-03-01,180.0
CPILFESL,2000-04-01,180.3
CPILFESL,2000-05-01,180.7
CPILFESL,2000-06-01,181.1
CPILFESL,2000-07-01,181.5
CPILFESL,2000-08-01,181.9
CPILFESL,2000-09-01,182.3
CPILFESL,2000-10-01,182.6
CPILFESL,2000-11-01,183.1
CPILFESL,2000-12-01,183.3
CPILFESL,2001-01-01,183.9
CPILFESL,2001-02-01,184.4
CPILFESL,2001-03-01,184.7
CPILFESL,2001-04-01,185.1
CPILFESL,2001-05-01,185.3
CPILFESL,2001-06-01,186.0
CPILFESL,2001-07-01,186.4
CPILFESL,2001-08-01,186.7
CPILFESL,2001-09-01,187.1
CPILFESL,2001-10-01,187.4
CPILFESL,2001-11-01,188.1
CPILFESL,2001-12-01,188.4
CPILFESL,2002-01-01,188.7
CPILFESL,2002-02-01,189.1
CPILFESL,2002-03-01,189.2
CPILFESL,2002-04-01,189.7
CPILFESL,2002-05-01,190.0
CPILFESL,2002-06-01,190.2
CPILFESL,2002-07-01,190.5
CPILFESL,2002-08-01,191.1
CPILFESL,2002-09-01,191.3
CPILFESL,2002-10-01,191.5
CPILFESL,2002-11-01,191.9
CPILFESL,2002-12-01,192.1
CPILFESL,2003-01-01,192.4
CPILFESL,2003-02-01,192.5
CPILFESL,2003-03-01,192.5
CPILFESL,2003-04-01,192.5
CPILFESL,2003-05-01,192.9
CPILFESL,2003-06-01,193.0
CPILFESL,2003-07-01,193.4
CPILFESL,2003-08-01,193.6
CPILFESL,2003-09-01,193.7
CPILFESL,2003-10-01,194.0
CPILFESL,2003-11-01,194.0
CPILFESL,2003-12-01,194.2
CPILFESL,2004-01-01,194.6
CPILFESL,2004-02-01,194.9
CPILFESL,2004-03-01,195.5
CPILFESL,2004-04-01,195.9
CPILFESL,2004-05-01,196.2
CPILFESL,2004-06-01,196.6
CPILFESL,2004-07-01,196.8
CPILFESL,2004-08-01,196.9
CPILFESL,2004-09-01,197.5
CPILFESL,2004-10-01,197.9
CPILFESL,2004-11-01,198.3
CPILFESL,2004-12-01,198.6
CPILFESL,2005-01-01,199.0
CPILFESL,2005-02-01,199.4
CPILFESL,2005-03-01,200.1
CPILFESL,2005-04-01,200.2
CPILFESL,2005-05-01,200.5
CPILFESL,2005-06-01,200.6
CPILFESL,2005-07-01,200.9
CPILFESL,2005-08-01,201.1
CPILFESL,2005-09-01,201.3
CPILFESL,2005-10-01,202.0
CPILFESL,2005-11-01,202.5
CPILFESL,2005-12-01,202.8
CPILFESL,2006-01-01,203.2
CPILFESL,2006-02-01,203.6
CPILFESL,2006-03-01,204.3
CPILFESL,2006-04-01,204.8
CPILFESL,2006-05-01,205.4
CPILFESL,2006-06-01,205.9
CPILFESL,2006-07-01,206.3
CPILFESL,2006-08-01,206.8
CPILFESL,2006-09-01,207.2
CPILFESL,2006-10-01,207.6
CPILFESL,2006-11-01,207.8
CPILFESL,2006-12-01,208.1
CPILFESL,2007-01-01,208.6
CPILFESL,2007-02-01,209.135
CPILFESL,2007-03-01,209.418
CPILFESL,2007-04-01,209.747
CPILFESL,2007-05-01,210.058
CPILFESL,2007-06-01,210.392
CPILFESL,2007-07-01,210.773
CPILFESL,2007-08-01,211.119
CPILFESL,2007-09-01,211.554
CPILFESL,2007-10-01,212.077
CPILFESL,2007-11-01,212.66
CPILFESL,2007-12-01,213.168
CPILFESL,2008-01-01,213.771
CPILFESL,2008-02-01,213.939
CPILFESL,2008-03-01,214.42
CPILFESL,2008-04-01,214.56
CPILFESL,2008-05-01,214.936
CPILFESL,2008-06-01,215.424
CPILFESL,2008-07-01,215.965
CPILFESL,2008-08-01,216.393
CPILFESL,2008-09-01,216.713
CPILFESL,2008-10-01,216.788
CPILFESL,2008-11-01,216.947
CPILFESL,2008-12-01,216.925
CPILFESL,2009-01-01,217.346
CPILFESL,2009-02-01,217.792
CPILFESL,2009-03-01,218.253
CPILFESL,2009-04-01,218.706
CPILFESL,2009-05-01,218.904
CPILFESL,2009-06-01,219.112
CPILFESL,2009-07-01,219.263
CPILFESL,2009-08-01,219.496
CPILFESL,2009-09-01,219.92
CPILFESL,2009-10-01,220.501
CPILFESL,2009-11-01,220.666
CPILFESL,2009-12-01,220.881
CPILFESL,2010-01-01,220.633
CPILFESL,2010-02-01,220.731
CPILFESL,2010-03-01,220.783
CPILFESL,2010-04-01,220.822
CPILFESL,2010-05-01,220.962
CPILFESL,2010-06-01,221.194
CPILFESL,2010-07-01,221.363
CPILFESL,2010-08-01,221.509
CPILFESL,2010-09-01,221.711
CPILFESL,2010-10-01,221.83
CPILFESL,2010-11-01,222.149
CPILFESL,2010-12-01,222.343
CPILFESL,2011-01-01,222.803
CPILFESL,2011-02-01,223.213
CPILFESL,2011-03-01,223.454
CPILFESL,2011-04-01,223.727
CPILFESL,2011-05-01,224.175
CPILFESL,2011-06-01,224.697
CPILFESL,2011-07-01,225.218
CPILFESL,2011-08-01,225.862
CPILFESL,2011-09-01,226.118
CPILFESL,2011-10-01,226.506
CPILFESL,2011-11-01,226.899
CPILFESL,2011-12-01,227.405
CPILFESL,2012-01-01,227.877
CPILFESL,2012-02-01,228.034
CPILFESL,2012-03-01,228.478
CPILFESL,2012-04-01,228.905
CPILFESL,2012-05-01,229.224
CPILFESL,2012-06-01,229.623
CPILFESL,2012-07-01,229.97
CPILFESL,2012-08-01,230.233
CPILFESL,2012-09-01,230.659
CPILFESL,2012-10-01,231.024
CPILFESL,2012-11-01,231.33
CPILFESL,2012-12-01,231.725
CPILFESL,2013-01-01,232.229
CPILFESL,2013-02-01,232.569
CPILFESL,2013-03-01,232.794
CPILFESL,2013-04-01,232.832
CPILFESL,2013-05-01,232.996
CPILFESL,2013-06-01,233.35
CPILFESL,2013-07-01,233.88
CPILFESL,2013-08-01,234.336
CPILFESL,2013-09-01,234.7
CPILFESL,2013-10-01,234.921
CPILFESL,2013-11-01,235.359
CPILFESL,2013-12-01,235.759
CPILFESL,2014-01-01,235.961
CPILFESL,2014-02-01,236.185
CPILFESL,2014-03-01,236.625
CPILFESL,2014-04-01,237.072
CPILFESL,2014-05-01,237.529
CPILFESL,2014-06-01,237.837
CPILFESL,2014-07-01,238.195
CPILFESL,2014-08-01,238.405
CPILFESL,2014-09-01,238.786
CPILFESL,2014-10-01,239.191
CPILFESL,2014-11-01,239.458
CPILFESL,2014-12-01,239.584
CPILFESL,2015-01-01,239.811
CPILFESL,2015-02-01,240.172
CPILFESL,2015-03-01,240.755
CPILFESL,2015-04-01,241.346
CPILFESL,2015-05-01,241.688
CPILFESL,2015-06-01,242.064
CPILFESL,2015-07-01,242.565
CPILFESL,2015-08-01,242.817
CPILFESL,2015-09-01,243.316
CPILFESL,2015-10-01,243.768
CPILFESL,2015-11-01,244.241
CPILFESL,2015-12-01,244.547
CPILFESL,2016-01-01,244.955
CPILFESL,2016-02-01,245.51
CPILFESL,2016-03-01,245.913
CPILFESL,2016-04-01,246.551
CPILFESL,2016-05-01,247.137
CPILFESL,2016-06-01,247.54
CPILFESL,2016-07-01,247.829
CPILFESL,2016-08-01,248.423
CPILFESL,2016-09-01,248.842
CPILFESL,2016-10-01,249.142
CPILFESL,2016-11-01,249.481
CPILFESL,2016-12-01,249.92
CPILFESL,2017-01-01,250.467
CPILFESL,2017-02-01,250.998
CPILFESL,2017-03-01,250.944
CPILFESL,2017-04-01,251.227
CPILFESL,2017-05-01,251.43
CPILFESL,2017-06-01,251.746
CPILFESL,2017-07-01,251.985
CPILFESL,2017-08-01,252.535
CPILFESL,2017-09-01,252.812
CPILFESL,2017-10-01,253.526
CPILFESL,2017-11-01,253.816
CPILFESL,2017-12-01,254.344
CPILFESL,2018-01-01,255.204
CPILFESL,2018-02-01,255.711
CPILFESL,2018-03-01,256.271
CPILFESL,2018-04-01,256.63
CPILFESL,2018-05-01,257.145
CPILFESL,2018-06-01,257.399
CPILFESL,2018-07-01,257.699
CPILFESL,2018-08-01,257.891
CPILFESL,2018-09-01,258.368
CPILFESL,2018-10-01,258.917
CPILFESL,2018-11-01,259.439
CPILFESL,2018-12-01,260.063
CPILFESL,2019-01-01,260.766
CPILFESL,2019-02-01,261.186
CPILFESL,2019-03-01,261.567
CPILFESL,2019-04-01,261.997
CPILFESL,2019-05-01,262.217
CPILFESL,2019-06-01,262.739
CPILFESL,2019-07-01,263.28
CPILFESL,2019-08-01,263.877
CPILFESL,2019-09-01,264.388
CPILFESL,2019-10-01,264.97
CPILFESL,2019-11-01,265.548
CPILFESL,2019-12-01,266.02
CPILFESL,2020-01-01,266.716
CPILFESL,2020-02-01,267.37
CPILFESL,2020-03-01,267.054
CPILFESL,2020-04-01,265.746
CPILFESL,2020-05-01,265.412
CPILFESL,2020-06-01,265.849
CPILFESL,2020-07-01,267.389
CPILFESL,2020-08-01,268.422
CPILFESL,2020-09-01,268.933
CPILFESL,2020-10-01,269.306
CPILFESL,2020-11-01,269.981
CPILFESL,2020-12-01,270.341
CPILFESL,2021-01-01,270.387
CPILFESL,2021-02-01,270.793
CPILFESL,2021-03-01,271.459
CPILFESL,2021-04-01,273.66
CPILFESL,2021-05-01,275.465
CPILFESL,2021-06-01,277.651
CPILFESL,2021-07-01,278.648
CPILFESL,2021-08-01,278.997
CPILFESL,2021-09-01,279.698
CPILFESL,2021-10-01,281.668
CPILFESL,2021-11-01,283.406
CPILFESL,2021-12-01,285.18
CPILFESL,2022-01-01,286.757
CPILFESL,2022-02-01,288.273
CPILFESL,2022-03-01,289.056
CPILFESL,2022-04-01,290.514
CPILFESL,2022-05-01,292.063
CPILFESL,2022-06-01,294.05
CPILFESL,2022-07-01,295.088
CPILFESL,2022-08-01,296.535
CPILFESL,2022-09-01,298.226
CPILFESL,2022-10-01,299.399
CPILFESL,2022-11-01,300.325
CPILFESL,2022-12-01,301.394
CPILFESL,2023-01-01,302.642
CPILFESL,2023-02-01,304.123
CPILFESL,2023-03-01,305.147
CPILFESL,2023-04-01,306.534
CPILFESL,2023-05-01,307.652
CPILFESL,2023-06-01,308.322
CPILFESL,2023-07-01,308.96
CPILFESL,2023-08-01,309.58
CPILFESL,2023-09-01,310.539
CPILFESL,2023-10-01,311.457
CPILFESL,2023-11-01,312.392
CPILFESL,2023-12-01,313.195
CPILFESL,2024-01-01,314.319
CPILFESL,2024-02-01,315.564
CPILFESL,2024-03-01,316.792
CPILFESL,2024-04-01,317.649
CPILFESL,2024-05-01,318.095
CPILFESL,2024-06-01,318.39
CPILFESL,2024-07-01,318.94
CPILFESL,2024-08-01,319.75
CPILFESL,2024-09-01,320.732
CPILFESL,2024-10-01,321.731
CPILFESL,2024-11-01,322.657
CPILFESL,2024-12-01,323.259
CPILFESL,2025-01-01,324.638
CPILFESL,2025-02-01,325.465
CPILFESL,2025-03-01,325.69
CPILFESL,2025-04-01,326.467
CPILFESL,2025-05-01,326.893
CPILFESL,2025-06-01,327.658
CPILFESL,2025-07-01,328.682
CPILFESL,2025-08-01,329.7
CPILFESL,2025-09-01,330.418
CPILFESL,2025-10-01,
CPILFESL,2025-11-01,331.043
CPILFESL,2025-12-01,331.814
CPILFESL,2026-01-01,332.793
CPILFESL,2026-02-01,333.512
CPILFESL,2026-03-01,334.165
CPILFESL,2026-04-01,335.423
CPILFESL,2026-05-01,336.121
CPILFESL,2026-06-01,336.065
CPILFESL,2026-07-01,336.789
CPILFESL,2026-08-01,337.765
HOUST,2000-01-01,1636.0
HOUST,2000-02-01,1737.0
HOUST,2000-03-01,1604.0
HOUST,2000-04-01,1626.0
HOUST,2000-05-01,1575.0
HOUST,2000-06-01,1559.0
HOUST,2000-07-01,1463.0
HOUST,2000-08-01,1541.0
HOUST,2000-09-01,1507.0
HOUST,2000-10-01,1549.0
HOUST,2000-11-01,1551.0
HOUST,2000-12-01,1532.0
HOUST,2001-01-01,1600.0
HOUST,2001-02-01,1625.0
HOUST,2001-03-01,1590.0
HOUST,2001-04-01,1649.0
HOUST,2001-05-01,1605.0
HOUST,2001-06-01,1636.0
HOUST,2001-07-01,1670.0
HOUST,2001-08-01,1567.0
HOUST,2001-09-01,1562.0
HOUST,2001-10-01,1540.0
HOUST,2001-11-01,1602.0
HOUST,2001-12-01,1568.0
HOUST,2002-01-01,1698.0
HOUST,2002-02-01,1829.0
HOUST,2002-03-01,1642.0
HOUST,2002-04-01,1592.0
HOUST,2002-05-01,1764.0
HOUST,2002-06-01,1717.0
HOUST,2002-07-01,1655.0
HOUST,2002-08-01,1633.0
HOUST,2002-09-01,1804.0
HOUST,2002-10-01,1648.0
HOUST,2002-11-01,1753.0
HOUST,2002-12-01,1788.0
HOUST,2003-01-01,1853.0
HOUST,2003-02-01,1629.0
HOUST,2003-03-01,1726.0
HOUST,2003-04-01,1643.0
HOUST,2003-05-01,1751.0
HOUST,2003-06-01,1867.0
HOUST,2003-07-01,1897.0
HOUST,2003-08-01,1833.0
HOUST,2003-09-01,1939.0
HOUST,2003-10-01,1967.0
HOUST,2003-11-01,2083.0
HOUST,2003-12-01,2057.0
HOUST,2004-01-01,1911.0
HOUST,2004-02-01,1846.0
HOUST,2004-03-01,1998.0
HOUST,2004-04-01,2003.0
HOUST,2004-05-01,1981.0
HOUST,2004-06-01,1828.0
HOUST,2004-07-01,2002.0
HOUST,2004-08-01,2024.0
HOUST,2004-09-01,1905.0
HOUST,2004-10-01,2072.0
HOUST,2004-11-01,1782.0
HOUST,2004-12-01,2042.0
HOUST,2005-01-01,2144.0
HOUST,2005-02-01,2207.0
HOUST,2005-03-01,1864.0
HOUST,2005-04-01,2061.0
HOUST,2005-05-01,2025.0
HOUST,2005-06-01,2068.0
HOUST,2005-07-01,2054.0
HOUST,2005-08-01,2095.0
HOUST,2005-09-01,2151.0
HOUST,2005-10-01,2065.0
HOUST,2005-11-01,2147.0
HOUST,2005-12-01,1994.0
HOUST,2006-01-01,2273.0
HOUST,2006-02-01,2119.0
HOUST,2006-03-01,1969.0
HOUST,2006-04-01,1821.0
HOUST,2006-05-01,1942.0
HOUST,2006-06-01,1802.0
HOUST,2006-07-01,1737.0
HOUST,2006-08-01,1650.0
HOUST,2006-09-01,1720.0
HOUST,2006-10-01,1491.0
HOUST,2006-11-01,1570.0
HOUST,2006-12-01,1649.0
HOUST,2007-01-01,1409.0
HOUST,2007-02-01,1480.0
HOUST,2007-03-01,1495.0
HOUST,2007-04-01,1490.0
HOUST,2007-05-01,1415.0
HOUST,2007-06-01,1448.0
HOUST,2007-07-01,1354.0
HOUST,2007-08-01,1330.0
HOUST,2007-09-01,1183.0
HOUST,2007-10-01,1264.0
HOUST,2007-11-01,1197.0
HOUST,2007-12-01,1037.0
HOUST,2008-01-01,1084.0
HOUST,2008-02-01,1103.0
HOUST,2008-03-01,1005.0
HOUST,2008-04-01,1013.0
HOUST,2008-05-01,973.0
HOUST,2008-06-01,1046.0
HOUST,2008-07-01,923.0
HOUST,2008-08-01,844.0
HOUST,2008-09-01,820.0
HOUST,2008-10-01,777.0
HOUST,2008-11-01,652.0
HOUST,2008-12-01,560.0
HOUST,2009-01-01,490.0
HOUST,2009-02-01,582.0
HOUST,2009-03-01,505.0
HOUST,2009-04-01,478.0
HOUST,2009-05-01,540.0
HOUST,2009-06-01,585.0
HOUST,2009-07-01,594.0
HOUST,2009-08-01,586.0
HOUST,2009-09-01,585.0
HOUST,2009-10-01,534.0
HOUST,2009-11-01,588.0
HOUST,2009-12-01,581.0
HOUST,2010-01-01,614.0
HOUST,2010-02-01,604.0
HOUST,2010-03-01,636.0
HOUST,2010-04-01,687.0
HOUST,2010-05-01,583.0
HOUST,2010-06-01,536.0
HOUST,2010-07-01,546.0
HOUST,2010-08-01,599.0
HOUST,2010-09-01,594.0
HOUST,2010-10-01,543.0
HOUST,2010-11-01,545.0
HOUST,2010-12-01,539.0
HOUST,2011-01-01,630.0
HOUST,2011-02-01,517.0
HOUST,2011-03-01,600.0
HOUST,2011-04-01,554.0
HOUST,2011-05-01,561.0
HOUST,2011-06-01,608.0
HOUST,2011-07-01,623.0
HOUST,2011-08-01,585.0
HOUST,2011-09-01,650.0
HOUST,2011-10-01,610.0
HOUST,2011-11-01,711.0
HOUST,2011-12-01,694.0
HOUST,2012-01-01,723.0
HOUST,2012-02-01,704.0
HOUST,2012-03-01,695.0
HOUST,2012-04-01,753.0
HOUST,2012-05-01,708.0
HOUST,2012-06-01,757.0
HOUST,2012-07-01,740.0
HOUST,2012-08-01,754.0
HOUST,2012-09-01,847.0
HOUST,2012-10-01,915.0
HOUST,2012-11-01,833.0
HOUST,2012-12-01,976.0
HOUST,2013-01-01,888.0
HOUST,2013-02-01,962.0
HOUST,2013-03-01,1010.0
HOUST,2013-04-01,835.0
HOUST,2013-05-01,930.0
HOUST,2013-06-01,839.0
HOUST,2013-07-01,880.0
HOUST,2013-08-01,917.0
HOUST,2013-09-01,850.0
HOUST,2013-10-01,925.0
HOUST,2013-11-01,1100.0
HOUST,2013-12-01,1002.0
HOUST,2014-01-01,888.0
HOUST,2014-02-01,944.0
HOUST,2014-03-01,970.0
HOUST,2014-04-01,1043.0
HOUST,2014-05-01,1007.0
HOUST,2014-06-01,911.0
HOUST,2014-07-01,1085.0
HOUST,2014-08-01,984.0
HOUST,2014-09-01,1023.0
HOUST,2014-10-01,1074.0
HOUST,2014-11-01,1001.0
HOUST,2014-12-01,1073.0
HOUST,2015-01-01,1085.0
HOUST,2015-02-01,886.0
HOUST,2015-03-01,960.0
HOUST,2015-04-01,1190.0
HOUST,2015-05-01,1079.0
HOUST,2015-06-01,1205.0
HOUST,2015-07-01,1146.0
HOUST,2015-08-01,1130.0
HOUST,2015-09-01,1224.0
HOUST,2015-10-01,1058.0
HOUST,2015-11-01,1172.0
HOUST,2015-12-01,1146.0
HOUST,2016-01-01,1092.0
HOUST,2016-02-01,1225.0
HOUST,2016-03-01,1111.0
HOUST,2016-04-01,1163.0
HOUST,2016-05-01,1148.0
HOUST,2016-06-01,1203.0
HOUST,2016-07-01,1239.0
HOUST,2016-08-01,1171.0
HOUST,2016-09-01,1068.0
HOUST,2016-10-01,1313.0
HOUST,2016-11-01,1140.0
HOUST,2016-12-01,1252.0
HOUST,2017-01-01,1190.0
HOUST,2017-02-01,1271.0
HOUST,2017-03-01,1190.0
HOUST,2017-04-01,1146.0
HOUST,2017-05-01,1157.0
HOUST,2017-06-01,1249.0
HOUST,2017-07-01,1206.0
HOUST,2017-08-01,1159.0
HOUST,2017-09-01,1181.0
HOUST,2017-10-01,1257.0
HOUST,2017-11-01,1273.0
HOUST,2017-12-01,1177.0
HOUST,2018-01-01,1299.0
HOUST,2018-02-01,1277.0
HOUST,2018-03-01,1318.0
HOUST,2018-04-01,1276.0
HOUST,2018-05-01,1357.0
HOUST,2018-06-01,1192.0
HOUST,2018-07-01,1208.0
HOUST,2018-08-01,1288.0
HOUST,2018-09-01,1250.0
HOUST,2018-10-01,1221.0
HOUST,2018-11-01,1181.0
HOUST,2018-12-01,1095.0
HOUST,2019-01-01,1226.0
HOUST,2019-02-01,1121.0
HOUST,2019-03-01,1191.0
HOUST,2019-04-01,1272.0
HOUST,2019-05-01,1293.0
HOUST,2019-06-01,1243.0
HOUST,2019-07-01,1240.0
HOUST,2019-08-01,1375.0
HOUST,2019-09-01,1311.0
HOUST,2019-10-01,1325.0
HOUST,2019-11-01,1353.0
HOUST,2019-12-01,1548.0
HOUST,2020-01-01,1581.0
HOUST,2020-02-01,1549.0
HOUST,2020-03-01,1266.0
HOUST,2020-04-01,936.0
HOUST,2020-05-01,1039.0
HOUST,2020-06-01,1266.0
HOUST,2020-07-01,1526.0
HOUST,2020-08-01,1396.0
HOUST,2020-09-01,1473.0
HOUST,2020-10-01,1543.0
HOUST,2020-11-01,1543.0
HOUST,2020-12-01,1614.0
HOUST,2021-01-01,1624.0
HOUST,2021-02-01,1398.0
HOUST,2021-03-01,1688.0
HOUST,2021-04-01,1489.0
HOUST,2021-05-01,1600.0
HOUST,2021-06-01,1664.0
HOUST,2021-07-01,1600.0
HOUST,2021-08-01,1596.0
HOUST,2021-09-01,1576.0
HOUST,2021-10-01,1587.0
HOUST,2021-11-01,1707.0
HOUST,2021-12-01,1711.0
HOUST,2022-01-01,1693.0
HOUST,2022-02-01,1730.0
HOUST,2022-03-01,1700.0
HOUST,2022-04-01,1807.0
HOUST,2022-05-01,1546.0
HOUST,2022-06-01,1556.0
HOUST,2022-07-01,1382.0
HOUST,2022-08-01,1532.0
HOUST,2022-09-01,1481.0
HOUST,2022-10-01,1446.0
HOUST,2022-11-01,1434.0
HOUST,2022-12-01,1296.0
HOUST,2023-01-01,1358.0
HOUST,2023-02-01,1395.0
HOUST,2023-03-01,1366.0
HOUST,2023-04-01,1343.0
HOUST,2023-05-01,1609.0
HOUST,2023-06-01,1420.0
HOUST,2023-07-01,1464.0
HOUST,2023-08-01,1321.0
HOUST,2023-09-01,1369.0
HOUST,2023-10-01,1380.0
HOUST,2023-11-01,1522.0
HOUST,2023-12-01,1504.0
HOUST,2024-01-01,1378.0
HOUST,2024-02-01,1555.0
HOUST,2024-03-01,1297.0
HOUST,2024-04-01,1379.0
HOUST,2024-05-01,1329.0
HOUST,2024-06-01,1318.0
HOUST,2024-07-01,1269.0
HOUST,2024-08-01,1394.0
HOUST,2024-09-01,1357.0
HOUST,2024-10-01,1370.0
HOUST,2024-11-01,1300.0
HOUST,2024-12-01,1494.0
HOUST,2025-01-01,1353.0
HOUST,2025-02-01,1491.0
HOUST,2025-03-01,1346.0
HOUST,2025-04-01,1400.0
HOUST,2025-05-01,1289.0
HOUST,2025-06-01,1379.0
HOUST,2025-07-01,1432.0
HOUST,2025-08-01,1291.0
HOUST,2025-09-01,1319.0
HOUST,2025-10-01,1273.0
HOUST,2025-11-01,1319.0
HOUST,2025-12-01,1378.0
HOUST,2026-01-01,1385.0
HOUST,2026-02-01,1346.0
HOUST,2026-03-01,1522.0
HOUST,2026-04-01,1414.0
HOUST,2026-05-01,1182.0
HOUST,2026-06-01,1439.0
HOUST,2026-07-01,1309.0
HOUST,2026-08-01,1275.0
ICSA,2000-01-01,286000.0
ICSA,2000-01-08,298000.0
ICSA,2000-01-15,289000.0
ICSA,2000-01-22,284000.0
ICSA,2000-01-29,285000.0
ICSA,2000-02-05,312000.0
ICSA,2000-02-12,300000.0
ICSA,2000-02-19,283000.0
ICSA,2000-02-26,280000.0
ICSA,2000-03-04,286000.0
ICSA,2000-03-11,270000.0
ICSA,2000-03-18,271000.0
ICSA,2000-03-25,272000.0
ICSA,2000-04-01,266000.0
ICSA,2000-04-08,268000.0
ICSA,2000-04-15,259000.0
ICSA,2000-04-22,274000.0
ICSA,2000-04-29,291000.0
ICSA,2000-05-06,293000.0
ICSA,2000-05-13,276000.0
ICSA,2000-05-20,280000.0
ICSA,2000-05-27,280000.0
ICSA,2000-06-03,290000.0
ICSA,2000-06-10,284000.0
ICSA,2000-06-17,294000.0
ICSA,2000-06-24,296000.0
ICSA,2000-07-01,281000.0
ICSA,2000-07-08,293000.0
ICSA,2000-07-15,303000.0
ICSA,2000-07-22,300000.0
ICSA,2000-07-29,298000.0
ICSA,2000-08-05,306000.0
ICSA,2000-08-12,315000.0
ICSA,2000-08-19,318000.0
ICSA,2000-08-26,312000.0
ICSA,2000-09-02,301000.0
ICSA,2000-09-09,309000.0
ICSA,2000-09-16,311000.0
ICSA,2000-09-23,288000.0
ICSA,2000-09-30,292000.0
ICSA,2000-10-07,309000.0
ICSA,2000-10-14,299000.0
ICSA,2000-10-21,295000.0
ICSA,2000-10-28,301000.0
ICSA,2000-11-04,331000.0
ICSA,2000-11-11,318000.0
ICSA,2000-11-18,332000.0
ICSA,2000-11-25,356000.0
ICSA,2000-12-02,338000.0
ICSA,2000-12-09,321000.0
ICSA,2000-12-16,354000.0
ICSA,2000-12-23,364000.0
ICSA,2000-12-30,353000.0
ICSA,2001-01-06,337000.0
ICSA,2001-01-13,318000.0
ICSA,2001-01-20,343000.0
ICSA,2001-01-27,362000.0
ICSA,2001-02-03,376000.0
ICSA,2001-02-10,365000.0
ICSA,2001-02-17,358000.0
ICSA,2001-02-24,386000.0
ICSA,2001-03-03,384000.0
ICSA,2001-03-10,393000.0
ICSA,2001-03-17,393000.0
ICSA,2001-03-24,378000.0
ICSA,2001-03-31,388000.0
ICSA,2001-04-07,398000.0
ICSA,2001-04-14,383000.0
ICSA,2001-04-21,400000.0
ICSA,2001-04-28,406000.0
ICSA,2001-05-05,381000.0
ICSA,2001-05-12,390000.0
ICSA,2001-05-19,402000.0
ICSA,2001-05-26,405000.0
ICSA,2001-06-02,406000.0
ICSA,2001-06-09,411000.0
ICSA,2001-06-16,394000.0
ICSA,2001-06-23,381000.0
ICSA,2001-06-30,394000.0
ICSA,2001-07-07,401000.0
ICSA,2001-07-14,405000.0
ICSA,2001-07-21,398000.0
ICSA,2001-07-28,388000.0
ICSA,2001-08-04,401000.0
ICSA,2001-08-11,394000.0
ICSA,2001-08-18,402000.0
ICSA,2001-08-25,395000.0
ICSA,2001-09-01,402000.0
ICSA,2001-09-08,408000.0
ICSA,2001-09-15,395000.0
ICSA,2001-09-22,453000.0
ICSA,2001-09-29,517000.0
ICSA,2001-10-06,476000.0
ICSA,2001-10-13,482000.0
ICSA,2001-10-20,482000.0
ICSA,2001-10-27,483000.0
ICSA,2001-11-03,440000.0
ICSA,2001-11-10,428000.0
ICSA,2001-11-17,431000.0
ICSA,2001-11-24,491000.0
ICSA,2001-12-01,465000.0
ICSA,2001-12-08,393000.0
ICSA,2001-12-15,389000.0
ICSA,2001-12-22,416000.0
ICSA,2001-12-29,421000.0
ICSA,2002-01-05,397000.0
ICSA,2002-01-12,418000.0
ICSA,2002-01-19,405000.0
ICSA,2002-01-26,414000.0
ICSA,2002-02-02,404000.0
ICSA,2002-02-09,397000.0
ICSA,2002-02-16,397000.0
ICSA,2002-02-23,398000.0
ICSA,2002-03-02,392000.0
ICSA,2002-03-09,399000.0
ICSA,2002-03-16,392000.0
ICSA,2002-03-23,415000.0
ICSA,2002-03-30,479000.0
ICSA,2002-04-06,445000.0
ICSA,2002-04-13,442000.0
ICSA,2002-04-20,416000.0
ICSA,2002-04-27,414000.0
ICSA,2002-05-04,409000.0
ICSA,2002-05-11,413000.0
ICSA,2002-05-18,411000.0
ICSA,2002-05-25,403000.0
ICSA,2002-06-01,378000.0
ICSA,2002-06-08,388000.0
ICSA,2002-06-15,396000.0
ICSA,2002-06-22,388000.0
ICSA,2002-06-29,386000.0
ICSA,2002-07-06,391000.0
ICSA,2002-07-13,384000.0
ICSA,2002-07-20,379000.0
ICSA,2002-07-27,390000.0
ICSA,2002-08-03,388000.0
ICSA,2002-08-10,389000.0
ICSA,2002-08-17,399000.0
ICSA,2002-08-24,398000.0
ICSA,2002-08-31,394000.0
ICSA,2002-09-07,416000.0
ICSA,2002-09-14,412000.0
ICSA,2002-09-21,401000.0
ICSA,2002-09-28,409000.0
ICSA,2002-10-05,404000.0
ICSA,2002-10-12,405000.0
ICSA,2002-10-19,412000.0
ICSA,2002-10-26,409000.0
ICSA,2002-11-02,405000.0
ICSA,2002-11-09,400000.0
ICSA,2002-11-16,389000.0
ICSA,2002-11-23,390000.0
ICSA,2002-11-30,377000.0
ICSA,2002-12-07,425000.0
ICSA,2002-12-14,429000.0
ICSA,2002-12-21,394000.0
ICSA,2002-12-28,409000.0
ICSA,2003-01-04,393000.0
ICSA,2003-01-11,378000.0
ICSA,2003-01-18,402000.0
ICSA,2003-01-25,407000.0
ICSA,2003-02-01,413000.0
ICSA,2003-02-08,390000.0
ICSA,2003-02-15,420000.0
ICSA,2003-02-22,421000.0
ICSA,2003-03-01,436000.0
ICSA,2003-03-08,424000.0
ICSA,2003-03-15,430000.0
ICSA,2003-03-22,411000.0
ICSA,2003-03-29,436000.0
ICSA,2003-04-05,417000.0
ICSA,2003-04-12,434000.0
ICSA,2003-04-19,450000.0
ICSA,2003-04-26,444000.0
ICSA,2003-05-03,428000.0
ICSA,2003-05-10,417000.0
ICSA,2003-05-17,425000.0
ICSA,2003-05-24,419000.0
ICSA,2003-05-31,431000.0
ICSA,2003-06-07,429000.0
ICSA,2003-06-14,421000.0
ICSA,2003-06-21,408000.0
ICSA,2003-06-28,429000.0
ICSA,2003-07-05,433000.0
ICSA,2003-07-12,412000.0
ICSA,2003-07-19,403000.0
ICSA,2003-07-26,398000.0
ICSA,2003-08-02,401000.0
ICSA,2003-08-09,404000.0
ICSA,2003-08-16,398000.0
ICSA,2003-08-23,391000.0
ICSA,2003-08-30,407000.0
ICSA,2003-09-06,422000.0
ICSA,2003-09-13,394000.0
ICSA,2003-09-20,379000.0
ICSA,2003-09-27,387000.0
ICSA,2003-10-04,386000.0
ICSA,2003-10-11,376000.0
ICSA,2003-10-18,387000.0
ICSA,2003-10-25,379000.0
ICSA,2003-11-01,363000.0
ICSA,2003-11-08,371000.0
ICSA,2003-11-15,370000.0
ICSA,2003-11-22,354000.0
ICSA,2003-11-29,357000.0
ICSA,2003-12-06,367000.0
ICSA,2003-12-13,363000.0
ICSA,2003-12-20,354000.0
ICSA,2003-12-27,349000.0
ICSA,2004-01-03,356000.0
ICSA,2004-01-10,354000.0
ICSA,2004-01-17,362000.0
ICSA,2004-01-24,353000.0
ICSA,2004-01-31,376000.0
ICSA,2004-02-07,380000.0
ICSA,2004-02-14,356000.0
ICSA,2004-02-21,359000.0
ICSA,2004-02-28,348000.0
ICSA,2004-03-06,344000.0
ICSA,2004-03-13,338000.0
ICSA,2004-03-20,346000.0
ICSA,2004-03-27,340000.0
ICSA,2004-04-03,335000.0
ICSA,2004-04-10,355000.0
ICSA,2004-04-17,364000.0
ICSA,2004-04-24,339000.0
ICSA,2004-05-01,324000.0
ICSA,2004-05-08,329000.0
ICSA,2004-05-15,349000.0
ICSA,2004-05-22,342000.0
ICSA,2004-05-29,337000.0
ICSA,2004-06-05,355000.0
ICSA,2004-06-12,339000.0
ICSA,2004-06-19,354000.0
ICSA,2004-06-26,348000.0
ICSA,2004-07-03,326000.0
ICSA,2004-07-10,345000.0
ICSA,2004-07-17,355000.0
ICSA,2004-07-24,348000.0
ICSA,2004-07-31,341000.0
ICSA,2004-08-07,336000.0
ICSA,2004-08-14,332000.0
ICSA,2004-08-21,343000.0
ICSA,2004-08-28,352000.0
ICSA,2004-09-04,326000.0
ICSA,2004-09-11,331000.0
ICSA,2004-09-18,341000.0
ICSA,2004-09-25,351000.0
ICSA,2004-10-02,335000.0
ICSA,2004-10-09,338000.0
ICSA,2004-10-16,327000.0
ICSA,2004-10-23,338000.0
ICSA,2004-10-30,332000.0
ICSA,2004-11-06,330000.0
ICSA,2004-11-13,337000.0
ICSA,2004-11-20,313000.0
ICSA,2004-11-27,335000.0
ICSA,2004-12-04,343000.0
ICSA,2004-12-11,316000.0
ICSA,2004-12-18,322000.0
ICSA,2004-12-25,320000.0
ICSA,2005-01-01,356000.0
ICSA,2005-01-08,369000.0
ICSA,2005-01-15,332000.0
ICSA,2005-01-22,329000.0
ICSA,2005-01-29,331000.0
ICSA,2005-02-05,307000.0
ICSA,2005-02-12,308000.0
ICSA,2005-02-19,318000.0
ICSA,2005-02-26,314000.0
ICSA,2005-03-05,333000.0
ICSA,2005-03-12,324000.0
ICSA,2005-03-19,329000.0
ICSA,2005-03-26,342000.0
ICSA,2005-04-02,335000.0
ICSA,2005-04-09,323000.0
ICSA,2005-04-16,307000.0
ICSA,2005-04-23,317000.0
ICSA,2005-04-30,334000.0
ICSA,2005-05-07,327000.0
ICSA,2005-05-14,321000.0
ICSA,2005-05-21,320000.0
ICSA,2005-05-28,340000.0
ICSA,2005-06-04,338000.0
ICSA,2005-06-11,333000.0
ICSA,2005-06-18,321000.0
ICSA,2005-06-25,311000.0
ICSA,2005-07-02,327000.0
ICSA,2005-07-09,338000.0
ICSA,2005-07-16,323000.0
ICSA,2005-07-23,318000.0
ICSA,2005-07-30,316000.0
ICSA,2005-08-06,311000.0
ICSA,2005-08-13,319000.0
ICSA,2005-08-20,315000.0
ICSA,2005-08-27,318000.0
ICSA,2005-09-03,326000.0
ICSA,2005-09-10,422000.0
ICSA,2005-09-17,424000.0
ICSA,2005-09-24,359000.0
ICSA,2005-10-01,384000.0
ICSA,2005-10-08,383000.0
ICSA,2005-10-15,348000.0
ICSA,2005-10-22,324000.0
ICSA,2005-10-29,322000.0
ICSA,2005-11-05,325000.0
ICSA,2005-11-12,309000.0
ICSA,2005-11-19,324000.0
ICSA,2005-11-26,311000.0
ICSA,2005-12-03,321000.0
ICSA,2005-12-10,327000.0
ICSA,2005-12-17,312000.0
ICSA,2005-12-24,320000.0
ICSA,2005-12-31,302000.0
ICSA,2006-01-07,326000.0
ICSA,2006-01-14,285000.0
ICSA,2006-01-21,290000.0
ICSA,2006-01-28,282000.0
ICSA,2006-02-04,289000.0
ICSA,2006-02-11,298000.0
ICSA,2006-02-18,283000.0
ICSA,2006-02-25,293000.0
ICSA,2006-03-04,302000.0
ICSA,2006-03-11,307000.0
ICSA,2006-03-18,303000.0
ICSA,2006-03-25,295000.0
ICSA,2006-04-01,291000.0
ICSA,2006-04-08,299000.0
ICSA,2006-04-15,299000.0
ICSA,2006-04-22,308000.0
ICSA,2006-04-29,321000.0
ICSA,2006-05-06,347000.0
ICSA,2006-05-13,335000.0
ICSA,2006-05-20,319000.0
ICSA,2006-05-27,330000.0
ICSA,2006-06-03,307000.0
ICSA,2006-06-10,298000.0
ICSA,2006-06-17,308000.0
ICSA,2006-06-24,309000.0
ICSA,2006-07-01,316000.0
ICSA,2006-07-08,343000.0
ICSA,2006-07-15,318000.0
ICSA,2006-07-22,306000.0
ICSA,2006-07-29,311000.0
ICSA,2006-08-05,318000.0
ICSA,2006-08-12,310000.0
ICSA,2006-08-19,315000.0
ICSA,2006-08-26,314000.0
ICSA,2006-09-02,315000.0
ICSA,2006-09-09,314000.0
ICSA,2006-09-16,324000.0
ICSA,2006-09-23,319000.0
ICSA,2006-09-30,309000.0
ICSA,2006-10-07,316000.0
ICSA,2006-10-14,305000.0
ICSA,2006-10-21,313000.0
ICSA,2006-10-28,328000.0
ICSA,2006-11-04,319000.0
ICSA,2006-11-11,311000.0
ICSA,2006-11-18,326000.0
ICSA,2006-11-25,349000.0
ICSA,2006-12-02,327000.0
ICSA,2006-12-09,311000.0
ICSA,2006-12-16,318000.0
ICSA,2006-12-23,323000.0
ICSA,2006-12-30,341000.0
ICSA,2007-01-06,330000.0
ICSA,2007-01-13,296000.0
ICSA,2007-01-20,335000.0
ICSA,2007-01-27,308000.0
ICSA,2007-02-03,310000.0
ICSA,2007-02-10,338000.0
ICSA,2007-02-17,321000.0
ICSA,2007-02-24,322000.0
ICSA,2007-03-03,320000.0
ICSA,2007-03-10,308000.0
ICSA,2007-03-17,309000.0
ICSA,2007-03-24,303000.0
ICSA,2007-03-31,307000.0
ICSA,2007-04-07,332000.0
ICSA,2007-04-14,327000.0
ICSA,2007-04-21,321000.0
ICSA,2007-04-28,301000.0
ICSA,2007-05-05,300000.0
ICSA,2007-05-12,297000.0
ICSA,2007-05-19,310000.0
ICSA,2007-05-26,310000.0
ICSA,2007-06-02,313000.0
ICSA,2007-06-09,313000.0
ICSA,2007-06-16,320000.0
ICSA,2007-06-23,313000.0
ICSA,2007-06-30,317000.0
ICSA,2007-07-07,321000.0
ICSA,2007-07-14,317000.0
ICSA,2007-07-21,310000.0
ICSA,2007-07-28,305000.0
ICSA,2007-08-04,314000.0
ICSA,2007-08-11,316000.0
ICSA,2007-08-18,321000.0
ICSA,2007-08-25,329000.0
ICSA,2007-09-01,314000.0
ICSA,2007-09-08,321000.0
ICSA,2007-09-15,313000.0
ICSA,2007-09-22,302000.0
ICSA,2007-09-29,317000.0
ICSA,2007-10-06,316000.0
ICSA,2007-10-13,335000.0
ICSA,2007-10-20,334000.0
ICSA,2007-10-27,328000.0
ICSA,2007-11-03,327000.0
ICSA,2007-11-10,333000.0
ICSA,2007-11-17,332000.0
ICSA,2007-11-24,352000.0
ICSA,2007-12-01,344000.0
ICSA,2007-12-08,332000.0
ICSA,2007-12-15,350000.0
ICSA,2007-12-22,355000.0
ICSA,2007-12-29,360000.0
ICSA,2008-01-05,346000.0
ICSA,2008-01-12,322000.0
ICSA,2008-01-19,321000.0
ICSA,2008-01-26,366000.0
ICSA,2008-02-02,350000.0
ICSA,2008-02-09,344000.0
ICSA,2008-02-16,339000.0
ICSA,2008-02-23,354000.0
ICSA,2008-03-01,345000.0
ICSA,2008-03-08,348000.0
ICSA,2008-03-15,369000.0
ICSA,2008-03-22,368000.0
ICSA,2008-03-29,387000.0
ICSA,2008-04-05,354000.0
ICSA,2008-04-12,365000.0
ICSA,2008-04-19,349000.0
ICSA,2008-04-26,370000.0
ICSA,2008-05-03,370000.0
ICSA,2008-05-10,366000.0
ICSA,2008-05-17,367000.0
ICSA,2008-05-24,369000.0
ICSA,2008-05-31,362000.0
ICSA,2008-06-07,382000.0
ICSA,2008-06-14,378000.0
ICSA,2008-06-21,381000.0
ICSA,2008-06-28,392000.0
ICSA,2008-07-05,371000.0
ICSA,2008-07-12,385000.0
ICSA,2008-07-19,402000.0
ICSA,2008-07-26,434000.0
ICSA,2008-08-02,448000.0
ICSA,2008-08-09,430000.0
ICSA,2008-08-16,424000.0
ICSA,2008-08-23,421000.0
ICSA,2008-08-30,442000.0
ICSA,2008-09-06,441000.0
ICSA,2008-09-13,449000.0
ICSA,2008-09-20,483000.0
ICSA,2008-09-27,483000.0
ICSA,2008-10-04,482000.0
ICSA,2008-10-11,461000.0
ICSA,2008-10-18,478000.0
ICSA,2008-10-25,480000.0
ICSA,2008-11-01,490000.0
ICSA,2008-11-08,512000.0
ICSA,2008-11-15,536000.0
ICSA,2008-11-22,532000.0
ICSA,2008-11-29,529000.0
ICSA,2008-12-06,570000.0
ICSA,2008-12-13,566000.0
ICSA,2008-12-20,587000.0
ICSA,2008-12-27,533000.0
ICSA,2009-01-03,503000.0
ICSA,2009-01-10,551000.0
ICSA,2009-01-17,591000.0
ICSA,2009-01-24,586000.0
ICSA,2009-01-31,629000.0
ICSA,2009-02-07,637000.0
ICSA,2009-02-14,632000.0
ICSA,2009-02-21,655000.0
ICSA,2009-02-28,652000.0
ICSA,2009-03-07,660000.0
ICSA,2009-03-14,651000.0
ICSA,2009-03-21,661000.0
ICSA,2009-03-28,665000.0
ICSA,2009-04-04,653000.0
ICSA,2009-04-11,599000.0
ICSA,2009-04-18,639000.0
ICSA,2009-04-25,620000.0
ICSA,2009-05-02,602000.0
ICSA,2009-05-09,625000.0
ICSA,2009-05-16,620000.0
ICSA,2009-05-23,606000.0
ICSA,2009-05-30,607000.0
ICSA,2009-06-06,596000.0
ICSA,2009-06-13,595000.0
ICSA,2009-06-20,608000.0
ICSA,2009-06-27,594000.0
ICSA,2009-07-04,573000.0
ICSA,2009-07-11,546000.0
ICSA,2009-07-18,560000.0
ICSA,2009-07-25,587000.0
ICSA,2009-08-01,555000.0
ICSA,2009-08-08,555000.0
ICSA,2009-08-15,562000.0
ICSA,2009-08-22,560000.0
ICSA,2009-08-29,564000.0
ICSA,2009-09-05,558000.0
ICSA,2009-09-12,542000.0
ICSA,2009-09-19,536000.0
ICSA,2009-09-26,554000.0
ICSA,2009-10-03,533000.0
ICSA,2009-10-10,511000.0
ICSA,2009-10-17,531000.0
ICSA,2009-10-24,530000.0
ICSA,2009-10-31,522000.0
ICSA,2009-11-07,512000.0
ICSA,2009-11-14,507000.0
ICSA,2009-11-21,482000.0
ICSA,2009-11-28,475000.0
ICSA,2009-12-05,497000.0
ICSA,2009-12-12,498000.0
ICSA,2009-12-19,479000.0
ICSA,2009-12-26,468000.0
ICSA,2010-01-02,456000.0
ICSA,2010-01-09,469000.0
ICSA,2010-01-16,507000.0
ICSA,2010-01-23,471000.0
ICSA,2010-01-30,496000.0
ICSA,2010-02-06,466000.0
ICSA,2010-02-13,489000.0
ICSA,2010-02-20,500000.0
ICSA,2010-02-27,488000.0
ICSA,2010-03-06,472000.0
ICSA,2010-03-13,478000.0
ICSA,2010-03-20,472000.0
ICSA,2010-03-27,459000.0
ICSA,2010-04-03,479000.0
ICSA,2010-04-10,479000.0
ICSA,2010-04-17,469000.0
ICSA,2010-04-24,449000.0
ICSA,2010-05-01,451000.0
ICSA,2010-05-08,451000.0
ICSA,2010-05-15,474000.0
ICSA,2010-05-22,463000.0
ICSA,2010-05-29,458000.0
ICSA,2010-06-05,459000.0
ICSA,2010-06-12,467000.0
ICSA,2010-06-19,452000.0
ICSA,2010-06-26,464000.0
ICSA,2010-07-03,454000.0
ICSA,2010-07-10,439000.0
ICSA,2010-07-17,462000.0
ICSA,2010-07-24,465000.0
ICSA,2010-07-31,476000.0
ICSA,2010-08-07,483000.0
ICSA,2010-08-14,486000.0
ICSA,2010-08-21,464000.0
ICSA,2010-08-28,467000.0
ICSA,2010-09-04,452000.0
ICSA,2010-09-11,444000.0
ICSA,2010-09-18,459000.0
ICSA,2010-09-25,459000.0
ICSA,2010-10-02,446000.0
ICSA,2010-10-09,459000.0
ICSA,2010-10-16,444000.0
ICSA,2010-10-23,432000.0
ICSA,2010-10-30,453000.0
ICSA,2010-11-06,434000.0
ICSA,2010-11-13,432000.0
ICSA,2010-11-20,407000.0
ICSA,2010-11-27,432000.0
ICSA,2010-12-04,428000.0
ICSA,2010-12-11,425000.0
ICSA,2010-12-18,424000.0
ICSA,2010-12-25,404000.0
ICSA,2011-01-01,413000.0
ICSA,2011-01-08,434000.0
ICSA,2011-01-15,421000.0
ICSA,2011-01-22,446000.0
ICSA,2011-01-29,420000.0
ICSA,2011-02-05,402000.0
ICSA,2011-02-12,425000.0
ICSA,2011-02-19,394000.0
ICSA,2011-02-26,385000.0
ICSA,2011-03-05,414000.0
ICSA,2011-03-12,404000.0
ICSA,2011-03-19,407000.0
ICSA,2011-03-26,399000.0
ICSA,2011-04-02,395000.0
ICSA,2011-04-09,416000.0
ICSA,2011-04-16,402000.0
ICSA,2011-04-23,422000.0
ICSA,2011-04-30,468000.0
ICSA,2011-05-07,435000.0
ICSA,2011-05-14,414000.0
ICSA,2011-05-21,423000.0
ICSA,2011-05-28,418000.0
ICSA,2011-06-04,423000.0
ICSA,2011-06-11,413000.0
ICSA,2011-06-18,416000.0
ICSA,2011-06-25,421000.0
ICSA,2011-07-02,418000.0
ICSA,2011-07-09,408000.0
ICSA,2011-07-16,420000.0
ICSA,2011-07-23,411000.0
ICSA,2011-07-30,406000.0
ICSA,2011-08-06,405000.0
ICSA,2011-08-13,409000.0
ICSA,2011-08-20,415000.0
ICSA,2011-08-27,409000.0
ICSA,2011-09-03,414000.0
ICSA,2011-09-10,429000.0
ICSA,2011-09-17,422000.0
ICSA,2011-09-24,406000.0
ICSA,2011-10-01,405000.0
ICSA,2011-10-08,410000.0
ICSA,2011-10-15,395000.0
ICSA,2011-10-22,403000.0
ICSA,2011-10-29,399000.0
ICSA,2011-11-05,392000.0
ICSA,2011-11-12,383000.0
ICSA,2011-11-19,385000.0
ICSA,2011-11-26,397000.0
ICSA,2011-12-03,387000.0
ICSA,2011-12-10,368000.0
ICSA,2011-12-17,368000.0
ICSA,2011-12-24,386000.0
ICSA,2011-12-31,376000.0
ICSA,2012-01-07,391000.0
ICSA,2012-01-14,367000.0
ICSA,2012-01-21,381000.0
ICSA,2012-01-28,372000.0
ICSA,2012-02-04,368000.0
ICSA,2012-02-11,361000.0
ICSA,2012-02-18,359000.0
ICSA,2012-02-25,365000.0
ICSA,2012-03-03,375000.0
ICSA,2012-03-10,369000.0
ICSA,2012-03-17,368000.0
ICSA,2012-03-24,363000.0
ICSA,2012-03-31,358000.0
ICSA,2012-04-07,387000.0
ICSA,2012-04-14,381000.0
ICSA,2012-04-21,387000.0
ICSA,2012-04-28,372000.0
ICSA,2012-05-05,373000.0
ICSA,2012-05-12,369000.0
ICSA,2012-05-19,371000.0
ICSA,2012-05-26,381000.0
ICSA,2012-06-02,377000.0
ICSA,2012-06-09,383000.0
ICSA,2012-06-16,384000.0
ICSA,2012-06-23,380000.0
ICSA,2012-06-30,372000.0
ICSA,2012-07-07,360000.0
ICSA,2012-07-14,390000.0
ICSA,2012-07-21,368000.0
ICSA,2012-07-28,372000.0
ICSA,2012-08-04,371000.0
ICSA,2012-08-11,369000.0
ICSA,2012-08-18,376000.0
ICSA,2012-08-25,377000.0
ICSA,2012-09-01,371000.0
ICSA,2012-09-08,393000.0
ICSA,2012-09-15,392000.0
ICSA,2012-09-22,377000.0
ICSA,2012-09-29,376000.0
ICSA,2012-10-06,350000.0
ICSA,2012-10-13,386000.0
ICSA,2012-10-20,374000.0
ICSA,2012-10-27,364000.0
ICSA,2012-11-03,365000.0
ICSA,2012-11-10,446000.0
ICSA,2012-11-17,406000.0
ICSA,2012-11-24,388000.0
ICSA,2012-12-01,375000.0
ICSA,2012-12-08,340000.0
ICSA,2012-12-15,356000.0
ICSA,2012-12-22,362000.0
ICSA,2012-12-29,362000.0
ICSA,2013-01-05,363000.0
ICSA,2013-01-12,344000.0
ICSA,2013-01-19,339000.0
ICSA,2013-01-26,366000.0
ICSA,2013-02-02,361000.0
ICSA,2013-02-09,347000.0
ICSA,2013-02-16,362000.0
ICSA,2013-02-23,342000.0
ICSA,2013-03-02,340000.0
ICSA,2013-03-09,343000.0
ICSA,2013-03-16,343000.0
ICSA,2013-03-23,358000.0
ICSA,2013-03-30,375000.0
ICSA,2013-04-06,359000.0
ICSA,2013-04-13,356000.0
ICSA,2013-04-20,343000.0
ICSA,2013-04-27,331000.0
ICSA,2013-05-04,335000.0
ICSA,2013-05-11,360000.0
ICSA,2013-05-18,343000.0
ICSA,2013-05-25,353000.0
ICSA,2013-06-01,346000.0
ICSA,2013-06-08,337000.0
ICSA,2013-06-15,353000.0
ICSA,2013-06-22,347000.0
ICSA,2013-06-29,340000.0
ICSA,2013-07-06,351000.0
ICSA,2013-07-13,344000.0
ICSA,2013-07-20,355000.0
ICSA,2013-07-27,334000.0
ICSA,2013-08-03,339000.0
ICSA,2013-08-10,327000.0
ICSA,2013-08-17,340000.0
ICSA,2013-08-24,336000.0
ICSA,2013-08-31,325000.0
ICSA,2013-09-07,300000.0
ICSA,2013-09-14,323000.0
ICSA,2013-09-21,314000.0
ICSA,2013-09-28,319000.0
ICSA,2013-10-05,368000.0
ICSA,2013-10-12,368000.0
ICSA,2013-10-19,351000.0
ICSA,2013-10-26,347000.0
ICSA,2013-11-02,342000.0
ICSA,2013-11-09,340000.0
ICSA,2013-11-16,331000.0
ICSA,2013-11-23,316000.0
ICSA,2013-11-30,312000.0
ICSA,2013-12-07,354000.0
ICSA,2013-12-14,364000.0
ICSA,2013-12-21,334000.0
ICSA,2013-12-28,332000.0
ICSA,2014-01-04,322000.0
ICSA,2014-01-11,318000.0
ICSA,2014-01-18,327000.0
ICSA,2014-01-25,340000.0
ICSA,2014-02-01,331000.0
ICSA,2014-02-08,337000.0
ICSA,2014-02-15,332000.0
ICSA,2014-02-22,341000.0
ICSA,2014-03-01,319000.0
ICSA,2014-03-08,322000.0
ICSA,2014-03-15,321000.0
ICSA,2014-03-22,313000.0
ICSA,2014-03-29,330000.0
ICSA,2014-04-05,311000.0
ICSA,2014-04-12,308000.0
ICSA,2014-04-19,327000.0
ICSA,2014-04-26,345000.0
ICSA,2014-05-03,325000.0
ICSA,2014-05-10,303000.0
ICSA,2014-05-17,324000.0
ICSA,2014-05-24,305000.0
ICSA,2014-05-31,312000.0
ICSA,2014-06-07,317000.0
ICSA,2014-06-14,314000.0
ICSA,2014-06-21,315000.0
ICSA,2014-06-28,308000.0
ICSA,2014-07-05,302000.0
ICSA,2014-07-12,308000.0
ICSA,2014-07-19,294000.0
ICSA,2014-07-26,303000.0
ICSA,2014-08-02,295000.0
ICSA,2014-08-09,309000.0
ICSA,2014-08-16,303000.0
ICSA,2014-08-23,300000.0
ICSA,2014-08-30,303000.0
ICSA,2014-09-06,307000.0
ICSA,2014-09-13,288000.0
ICSA,2014-09-20,295000.0
ICSA,2014-09-27,290000.0
ICSA,2014-10-04,293000.0
ICSA,2014-10-11,281000.0
ICSA,2014-10-18,290000.0
ICSA,2014-10-25,291000.0
ICSA,2014-11-01,280000.0
ICSA,2014-11-08,291000.0
ICSA,2014-11-15,293000.0
ICSA,2014-11-22,303000.0
ICSA,2014-11-29,291000.0
ICSA,2014-12-06,291000.0
ICSA,2014-12-13,286000.0
ICSA,2014-12-20,276000.0
ICSA,2014-12-27,285000.0
ICSA,2015-01-03,294000.0
ICSA,2015-01-10,304000.0
ICSA,2015-01-17,298000.0
ICSA,2015-01-24,261000.0
ICSA,2015-01-31,281000.0
ICSA,2015-02-07,298000.0
ICSA,2015-02-14,285000.0
ICSA,2015-02-21,305000.0
ICSA,2015-02-28,317000.0
ICSA,2015-03-07,293000.0
ICSA,2015-03-14,290000.0
ICSA,2015-03-21,284000.0
ICSA,2015-03-28,269000.0
ICSA,2015-04-04,282000.0
ICSA,2015-04-11,298000.0
ICSA,2015-04-18,295000.0
ICSA,2015-04-25,269000.0
ICSA,2015-05-02,267000.0
ICSA,2015-05-09,271000.0
ICSA,2015-05-16,276000.0
ICSA,2015-05-23,281000.0
ICSA,2015-05-30,275000.0
ICSA,2015-06-06,278000.0
ICSA,2015-06-13,269000.0
ICSA,2015-06-20,273000.0
ICSA,2015-06-27,275000.0
ICSA,2015-07-04,292000.0
ICSA,2015-07-11,285000.0
ICSA,2015-07-18,265000.0
ICSA,2015-07-25,269000.0
ICSA,2015-08-01,270000.0
ICSA,2015-08-08,274000.0
ICSA,2015-08-15,279000.0
ICSA,2015-08-22,274000.0
ICSA,2015-08-29,279000.0
ICSA,2015-09-05,273000.0
ICSA,2015-09-12,264000.0
ICSA,2015-09-19,269000.0
ICSA,2015-09-26,272000.0
ICSA,2015-10-03,267000.0
ICSA,2015-10-10,265000.0
ICSA,2015-10-17,264000.0
ICSA,2015-10-24,264000.0
ICSA,2015-10-31,275000.0
ICSA,2015-11-07,276000.0
ICSA,2015-11-14,272000.0
ICSA,2015-11-21,261000.0
ICSA,2015-11-28,265000.0
ICSA,2015-12-05,280000.0
ICSA,2015-12-12,268000.0
ICSA,2015-12-19,260000.0
ICSA,2015-12-26,276000.0
ICSA,2016-01-02,273000.0
ICSA,2016-01-09,284000.0
ICSA,2016-01-16,290000.0
ICSA,2016-01-23,269000.0
ICSA,2016-01-30,282000.0
ICSA,2016-02-06,266000.0
ICSA,2016-02-13,262000.0
ICSA,2016-02-20,270000.0
ICSA,2016-02-27,269000.0
ICSA,2016-03-05,255000.0
ICSA,2016-03-12,263000.0
ICSA,2016-03-19,264000.0
ICSA,2016-03-26,271000.0
ICSA,2016-04-02,273000.0
ICSA,2016-04-09,263000.0
ICSA,2016-04-16,257000.0
ICSA,2016-04-23,259000.0
ICSA,2016-04-30,278000.0
ICSA,2016-05-07,289000.0
ICSA,2016-05-14,279000.0
ICSA,2016-05-21,267000.0
ICSA,2016-05-28,263000.0
ICSA,2016-06-04,265000.0
ICSA,2016-06-11,273000.0
ICSA,2016-06-18,261000.0
ICSA,2016-06-25,262000.0
ICSA,2016-07-02,255000.0
ICSA,2016-07-09,252000.0
ICSA,2016-07-16,260000.0
ICSA,2016-07-23,264000.0
ICSA,2016-07-30,266000.0
ICSA,2016-08-06,265000.0
ICSA,2016-08-13,264000.0
ICSA,2016-08-20,264000.0
ICSA,2016-08-27,261000.0
ICSA,2016-09-03,257000.0
ICSA,2016-09-10,252000.0
ICSA,2016-09-17,250000.0
ICSA,2016-09-24,247000.0
ICSA,2016-10-01,245000.0
ICSA,2016-10-08,250000.0
ICSA,2016-10-15,263000.0
ICSA,2016-10-22,256000.0
ICSA,2016-10-29,265000.0
ICSA,2016-11-05,250000.0
ICSA,2016-11-12,232000.0
ICSA,2016-11-19,246000.0
ICSA,2016-11-26,255000.0
ICSA,2016-12-03,248000.0
ICSA,2016-12-10,252000.0
ICSA,2016-12-17,260000.0
ICSA,2016-12-24,257000.0
ICSA,2016-12-31,244000.0
ICSA,2017-01-07,245000.0
ICSA,2017-01-14,240000.0
ICSA,2017-01-21,250000.0
ICSA,2017-01-28,241000.0
ICSA,2017-02-04,230000.0
ICSA,2017-02-11,233000.0
ICSA,2017-02-18,237000.0
ICSA,2017-02-25,221000.0
ICSA,2017-03-04,236000.0
ICSA,2017-03-11,228000.0
ICSA,2017-03-18,235000.0
ICSA,2017-03-25,236000.0
ICSA,2017-04-01,216000.0
ICSA,2017-04-08,222000.0
ICSA,2017-04-15,231000.0
ICSA,2017-04-22,238000.0
ICSA,2017-04-29,232000.0
ICSA,2017-05-06,233000.0
ICSA,2017-05-13,234000.0
ICSA,2017-05-20,236000.0
ICSA,2017-05-27,253000.0
ICSA,2017-06-03,251000.0
ICSA,2017-06-10,245000.0
ICSA,2017-06-17,249000.0
ICSA,2017-06-24,247000.0
ICSA,2017-07-01,256000.0
ICSA,2017-07-08,259000.0
ICSA,2017-07-15,245000.0
ICSA,2017-07-22,249000.0
ICSA,2017-07-29,245000.0
ICSA,2017-08-05,254000.0
ICSA,2017-08-12,245000.0
ICSA,2017-08-19,245000.0
ICSA,2017-08-26,247000.0
ICSA,2017-09-02,297000.0
ICSA,2017-09-09,280000.0
ICSA,2017-09-16,261000.0
ICSA,2017-09-23,264000.0
ICSA,2017-09-30,260000.0
ICSA,2017-10-07,252000.0
ICSA,2017-10-14,235000.0
ICSA,2017-10-21,241000.0
ICSA,2017-10-28,241000.0
ICSA,2017-11-04,248000.0
ICSA,2017-11-11,254000.0
ICSA,2017-11-18,246000.0
ICSA,2017-11-25,243000.0
ICSA,2017-12-02,241000.0
ICSA,2017-12-09,229000.0
ICSA,2017-12-16,244000.0
ICSA,2017-12-23,251000.0
ICSA,2017-12-30,248000.0
ICSA,2018-01-06,252000.0
ICSA,2018-01-13,230000.0
ICSA,2018-01-20,231000.0
ICSA,2018-01-27,228000.0
ICSA,2018-02-03,224000.0
ICSA,2018-02-10,225000.0
ICSA,2018-02-17,219000.0
ICSA,2018-02-24,216000.0
ICSA,2018-03-03,228000.0
ICSA,2018-03-10,223000.0
ICSA,2018-03-17,225000.0
ICSA,2018-03-24,221000.0
ICSA,2018-03-31,232000.0
ICSA,2018-04-07,234000.0
ICSA,2018-04-14,236000.0
ICSA,2018-04-21,207000.0
ICSA,2018-04-28,209000.0
ICSA,2018-05-05,211000.0
ICSA,2018-05-12,222000.0
ICSA,2018-05-19,230000.0
ICSA,2018-05-26,222000.0
ICSA,2018-06-02,223000.0
ICSA,2018-06-09,222000.0
ICSA,2018-06-16,218000.0
ICSA,2018-06-23,222000.0
ICSA,2018-06-30,228000.0
ICSA,2018-07-07,216000.0
ICSA,2018-07-14,205000.0
ICSA,2018-07-21,210000.0
ICSA,2018-07-28,207000.0
ICSA,2018-08-04,210000.0
ICSA,2018-08-11,206000.0
ICSA,2018-08-18,207000.0
ICSA,2018-08-25,211000.0
ICSA,2018-09-01,201000.0
ICSA,2018-09-08,204000.0
ICSA,2018-09-15,206000.0
ICSA,2018-09-22,205000.0
ICSA,2018-09-29,210000.0
ICSA,2018-10-06,211000.0
ICSA,2018-10-13,208000.0
ICSA,2018-10-20,217000.0
ICSA,2018-10-27,216000.0
ICSA,2018-11-03,218000.0
ICSA,2018-11-10,221000.0
ICSA,2018-11-17,225000.0
ICSA,2018-11-24,237000.0
ICSA,2018-12-01,232000.0
ICSA,2018-12-08,208000.0
ICSA,2018-12-15,217000.0
ICSA,2018-12-22,228000.0
ICSA,2018-12-29,238000.0
ICSA,2019-01-05,225000.0
ICSA,2019-01-12,218000.0
ICSA,2019-01-19,214000.0
ICSA,2019-01-26,234000.0
ICSA,2019-02-02,232000.0
ICSA,2019-02-09,226000.0
ICSA,2019-02-16,211000.0
ICSA,2019-02-23,221000.0
ICSA,2019-03-02,216000.0
ICSA,2019-03-09,218000.0
ICSA,2019-03-16,212000.0
ICSA,2019-03-23,210000.0
ICSA,2019-03-30,203000.0
ICSA,2019-04-06,196000.0
ICSA,2019-04-13,197000.0
ICSA,2019-04-20,222000.0
ICSA,2019-04-27,224000.0
ICSA,2019-05-04,225000.0
ICSA,2019-05-11,212000.0
ICSA,2019-05-18,215000.0
ICSA,2019-05-25,222000.0
ICSA,2019-06-01,223000.0
ICSA,2019-06-08,226000.0
ICSA,2019-06-15,217000.0
ICSA,2019-06-22,234000.0
ICSA,2019-06-29,226000.0
ICSA,2019-07-06,215000.0
ICSA,2019-07-13,211000.0
ICSA,2019-07-20,202000.0
ICSA,2019-07-27,206000.0
ICSA,2019-08-03,208000.0
ICSA,2019-08-10,212000.0
ICSA,2019-08-17,207000.0
ICSA,2019-08-24,213000.0
ICSA,2019-08-31,215000.0
ICSA,2019-09-07,207000.0
ICSA,2019-09-14,205000.0
ICSA,2019-09-21,211000.0
ICSA,2019-09-28,215000.0
ICSA,2019-10-05,209000.0
ICSA,2019-10-12,215000.0
ICSA,2019-10-19,210000.0
ICSA,2019-10-26,215000.0
ICSA,2019-11-02,214000.0
ICSA,2019-11-09,227000.0
ICSA,2019-11-16,229000.0
ICSA,2019-11-23,221000.0
ICSA,2019-11-30,231000.0
ICSA,2019-12-07,247000.0
ICSA,2019-12-14,236000.0
ICSA,2019-12-21,230000.0
ICSA,2019-12-28,231000.0
ICSA,2020-01-04,224000.0
ICSA,2020-01-11,207000.0
ICSA,2020-01-18,221000.0
ICSA,2020-01-25,210000.0
ICSA,2020-02-01,207000.0
ICSA,2020-02-08,202000.0
ICSA,2020-02-15,209000.0
ICSA,2020-02-22,218000.0
ICSA,2020-02-29,215000.0
ICSA,2020-03-07,208000.0
ICSA,2020-03-14,273000.0
ICSA,2020-03-21,2914000.0
ICSA,2020-03-28,5946000.0
ICSA,2020-04-04,6137000.0
ICSA,2020-04-11,4869000.0
ICSA,2020-04-18,4201000.0
ICSA,2020-04-25,3446000.0
ICSA,2020-05-02,2796000.0
ICSA,2020-05-09,2335000.0
ICSA,2020-05-16,2176000.0
ICSA,2020-05-23,1921000.0
ICSA,2020-05-30,1639000.0
ICSA,2020-06-06,1575000.0
ICSA,2020-06-13,1473000.0
ICSA,2020-06-20,1467000.0
ICSA,2020-06-27,1446000.0
ICSA,2020-07-04,1413000.0
ICSA,2020-07-11,1468000.0
ICSA,2020-07-18,1393000.0
ICSA,2020-07-25,1260000.0
ICSA,2020-08-01,1044000.0
ICSA,2020-08-08,884000.0
ICSA,2020-08-15,927000.0
ICSA,2020-08-22,876000.0
ICSA,2020-08-29,881000.0
ICSA,2020-09-05,892000.0
ICSA,2020-09-12,861000.0
ICSA,2020-09-19,859000.0
ICSA,2020-09-26,795000.0
ICSA,2020-10-03,785000.0
ICSA,2020-10-10,839000.0
ICSA,2020-10-17,804000.0
ICSA,2020-10-24,776000.0
ICSA,2020-10-31,773000.0
ICSA,2020-11-07,737000.0
ICSA,2020-11-14,738000.0
ICSA,2020-11-21,793000.0
ICSA,2020-11-28,737000.0
ICSA,2020-12-05,873000.0
ICSA,2020-12-12,886000.0
ICSA,2020-12-19,815000.0
ICSA,2020-12-26,773000.0
ICSA,2021-01-02,803000.0
ICSA,2021-01-09,890000.0
ICSA,2021-01-16,844000.0
ICSA,2021-01-23,799000.0
ICSA,2021-01-30,803000.0
ICSA,2021-02-06,812000.0
ICSA,2021-02-13,802000.0
ICSA,2021-02-20,702000.0
ICSA,2021-02-27,704000.0
ICSA,2021-03-06,693000.0
ICSA,2021-03-13,699000.0
ICSA,2021-03-20,627000.0
ICSA,2021-03-27,658000.0
ICSA,2021-04-03,645000.0
ICSA,2021-04-10,571000.0
ICSA,2021-04-17,566000.0
ICSA,2021-04-24,574000.0
ICSA,2021-05-01,517000.0
ICSA,2021-05-08,494000.0
ICSA,2021-05-15,467000.0
ICSA,2021-05-22,441000.0
ICSA,2021-05-29,427000.0
ICSA,2021-06-05,420000.0
ICSA,2021-06-12,428000.0
ICSA,2021-06-19,422000.0
ICSA,2021-06-26,368000.0
ICSA,2021-07-03,371000.0
ICSA,2021-07-10,333000.0
ICSA,2021-07-17,387000.0
ICSA,2021-07-24,380000.0
ICSA,2021-07-31,379000.0
ICSA,2021-08-07,361000.0
ICSA,2021-08-14,367000.0
ICSA,2021-08-21,358000.0
ICSA,2021-08-28,353000.0
ICSA,2021-09-04,335000.0
ICSA,2021-09-11,342000.0
ICSA,2021-09-18,367000.0
ICSA,2021-09-25,375000.0
ICSA,2021-10-02,312000.0
ICSA,2021-10-09,291000.0
ICSA,2021-10-16,289000.0
ICSA,2021-10-23,269000.0
ICSA,2021-10-30,261000.0
ICSA,2021-11-06,251000.0
ICSA,2021-11-13,250000.0
ICSA,2021-11-20,224000.0
ICSA,2021-11-27,221000.0
ICSA,2021-12-04,206000.0
ICSA,2021-12-11,227000.0
ICSA,2021-12-18,215000.0
ICSA,2021-12-25,217000.0
ICSA,2022-01-01,229000.0
ICSA,2022-01-08,250000.0
ICSA,2022-01-15,246000.0
ICSA,2022-01-22,240000.0
ICSA,2022-01-29,231000.0
ICSA,2022-02-05,210000.0
ICSA,2022-02-12,234000.0
ICSA,2022-02-19,224000.0
ICSA,2022-02-26,208000.0
ICSA,2022-03-05,222000.0
ICSA,2022-03-12,217000.0
ICSA,2022-03-19,207000.0
ICSA,2022-03-26,214000.0
ICSA,2022-04-02,214000.0
ICSA,2022-04-09,214000.0
ICSA,2022-04-16,210000.0
ICSA,2022-04-23,209000.0
ICSA,2022-04-30,218000.0
ICSA,2022-05-07,204000.0
ICSA,2022-05-14,225000.0
ICSA,2022-05-21,211000.0
ICSA,2022-05-28,199000.0
ICSA,2022-06-04,213000.0
ICSA,2022-06-11,211000.0
ICSA,2022-06-18,214000.0
ICSA,2022-06-25,212000.0
ICSA,2022-07-02,214000.0
ICSA,2022-07-09,212000.0
ICSA,2022-07-16,216000.0
ICSA,2022-07-23,221000.0
ICSA,2022-07-30,228000.0
ICSA,2022-08-06,221000.0
ICSA,2022-08-13,220000.0
ICSA,2022-08-20,215000.0
ICSA,2022-08-27,210000.0
ICSA,2022-09-03,203000.0
ICSA,2022-09-10,195000.0
ICSA,2022-09-17,202000.0
ICSA,2022-09-24,190000.0
ICSA,2022-10-01,203000.0
ICSA,2022-10-08,207000.0
ICSA,2022-10-15,199000.0
ICSA,2022-10-22,202000.0
ICSA,2022-10-29,202000.0
ICSA,2022-11-05,204000.0
ICSA,2022-11-12,210000.0
ICSA,2022-11-19,220000.0
ICSA,2022-11-26,209000.0
ICSA,2022-12-03,209000.0
ICSA,2022-12-10,209000.0
ICSA,2022-12-17,213000.0
ICSA,2022-12-24,205000.0
ICSA,2022-12-31,205000.0
ICSA,2023-01-07,210000.0
ICSA,2023-01-14,204000.0
ICSA,2023-01-21,204000.0
ICSA,2023-01-28,200000.0
ICSA,2023-02-04,215000.0
ICSA,2023-02-11,220000.0
ICSA,2023-02-18,217000.0
ICSA,2023-02-25,207000.0
ICSA,2023-03-04,230000.0
ICSA,2023-03-11,222000.0
ICSA,2023-03-18,230000.0
ICSA,2023-03-25,234000.0
ICSA,2023-04-01,217000.0
ICSA,2023-04-08,220000.0
ICSA,2023-04-15,223000.0
ICSA,2023-04-22,209000.0
ICSA,2023-04-29,213000.0
ICSA,2023-05-06,223000.0
ICSA,2023-05-13,225000.0
ICSA,2023-05-20,227000.0
ICSA,2023-05-27,229000.0
ICSA,2023-06-03,252000.0
ICSA,2023-06-10,256000.0
ICSA,2023-06-17,259000.0
ICSA,2023-06-24,236000.0
ICSA,2023-07-01,248000.0
ICSA,2023-07-08,230000.0
ICSA,2023-07-15,229000.0
ICSA,2023-07-22,231000.0
ICSA,2023-07-29,238000.0
ICSA,2023-08-05,258000.0
ICSA,2023-08-12,248000.0
ICSA,2023-08-19,240000.0
ICSA,2023-08-26,234000.0
ICSA,2023-09-02,225000.0
ICSA,2023-09-09,225000.0
ICSA,2023-09-16,211000.0
ICSA,2023-09-23,216000.0
ICSA,2023-09-30,216000.0
ICSA,2023-10-07,210000.0
ICSA,2023-10-14,200000.0
ICSA,2023-10-21,214000.0
ICSA,2023-10-28,217000.0
ICSA,2023-11-04,216000.0
ICSA,2023-11-11,230000.0
ICSA,2023-11-18,213000.0
ICSA,2023-11-25,213000.0
ICSA,2023-12-02,215000.0
ICSA,2023-12-09,203000.0
ICSA,2023-12-16,209000.0
ICSA,2023-12-23,212000.0
ICSA,2023-12-30,200000.0
ICSA,2024-01-06,201000.0
ICSA,2024-01-13,195000.0
ICSA,2024-01-20,224000.0
ICSA,2024-01-27,226000.0
ICSA,2024-02-03,213000.0
ICSA,2024-02-10,213000.0
ICSA,2024-02-17,202000.0
ICSA,2024-02-24,212000.0
ICSA,2024-03-02,213000.0
ICSA,2024-03-09,213000.0
ICSA,2024-03-16,213000.0
ICSA,2024-03-23,214000.0
ICSA,2024-03-30,223000.0
ICSA,2024-04-06,213000.0
ICSA,2024-04-13,212000.0
ICSA,2024-04-20,209000.0
ICSA,2024-04-27,207000.0
ICSA,2024-05-04,230000.0
ICSA,2024-05-11,222000.0
ICSA,2024-05-18,216000.0
ICSA,2024-05-25,220000.0
ICSA,2024-06-01,227000.0
ICSA,2024-06-08,240000.0
ICSA,2024-06-15,236000.0
ICSA,2024-06-22,233000.0
ICSA,2024-06-29,238000.0
ICSA,2024-07-06,223000.0
ICSA,2024-07-13,241000.0
ICSA,2024-07-20,237000.0
ICSA,2024-07-27,248000.0
ICSA,2024-08-03,234000.0
ICSA,2024-08-10,228000.0
ICSA,2024-08-17,232000.0
ICSA,2024-08-24,232000.0
ICSA,2024-08-31,227000.0
ICSA,2024-09-07,227000.0
ICSA,2024-09-14,223000.0
ICSA,2024-09-21,221000.0
ICSA,2024-09-28,227000.0
ICSA,2024-10-05,258000.0
ICSA,2024-10-12,241000.0
ICSA,2024-10-19,227000.0
ICSA,2024-10-26,219000.0
ICSA,2024-11-02,221000.0
ICSA,2024-11-09,218000.0
ICSA,2024-11-16,216000.0
ICSA,2024-11-23,219000.0
ICSA,2024-11-30,222000.0
ICSA,2024-12-07,238000.0
ICSA,2024-12-14,222000.0
ICSA,2024-12-21,219000.0
ICSA,2024-12-28,212000.0
ICSA,2025-01-04,206000.0
ICSA,2025-01-11,219000.0
ICSA,2025-01-18,223000.0
ICSA,2025-01-25,212000.0
ICSA,2025-02-01,220000.0
ICSA,2025-02-08,216000.0
ICSA,2025-02-15,223000.0
ICSA,2025-02-22,241000.0
ICSA,2025-03-01,224000.0
ICSA,2025-03-08,222000.0
ICSA,2025-03-15,225000.0
ICSA,2025-03-22,224000.0
ICSA,2025-03-29,220000.0
ICSA,2025-04-05,223000.0
ICSA,2025-04-12,217000.0
ICSA,2025-04-19,224000.0
ICSA,2025-04-26,239000.0
ICSA,2025-05-03,228000.0
ICSA,2025-05-10,226000.0
ICSA,2025-05-17,225000.0
ICSA,2025-05-24,236000.0
ICSA,2025-05-31,244000.0
ICSA,2025-06-07,246000.0
ICSA,2025-06-14,243000.0
ICSA,2025-06-21,236000.0
ICSA,2025-06-28,231000.0
ICSA,2025-07-05,228000.0
ICSA,2025-07-12,221000.0
ICSA,2025-07-19,218000.0
ICSA,2025-07-26,219000.0
ICSA,2025-08-02,226000.0
ICSA,2025-08-09,224000.0
ICSA,2025-08-16,233000.0
ICSA,2025-08-23,229000.0
ICSA,2025-08-30,236000.0
ICSA,2025-09-06,259000.0
ICSA,2025-09-13,233000.0
ICSA,2025-09-20,219000.0
ICSA,2025-09-27,225000.0
ICSA,2025-10-04,233000.0
ICSA,2025-10-11,222000.0
ICSA,2025-10-18,231000.0
ICSA,2025-10-25,221000.0
ICSA,2025-11-01,228000.0
ICSA,2025-11-08,228000.0
ICSA,2025-11-15,222000.0
ICSA,2025-11-22,218000.0
ICSA,2025-11-29,216000.0
ICSA,2025-12-06,235000.0
ICSA,2025-12-13,224000.0
ICSA,2025-12-20,215000.0
ICSA,2025-12-27,203000.0
ICSA,2026-01-03,207000.0
ICSA,2026-01-10,201000.0
ICSA,2026-01-17,210000.0
ICSA,2026-01-24,211000.0
ICSA,2026-01-31,230000.0
ICSA,2026-02-07,230000.0
ICSA,2026-02-14,208000.0
ICSA,2026-02-21,211000.0
ICSA,2026-02-28,214000.0
ICSA,2026-03-07,213000.0
ICSA,2026-03-14,205000.0
ICSA,2026-03-21,211000.0
ICSA,2026-03-28,203000.0
ICSA,2026-04-04,218000.0
ICSA,2026-04-11,208000.0
ICSA,2026-04-18,215000.0
ICSA,2026-04-25,190000.0
ICSA,2026-05-02,199000.0
ICSA,2026-05-09,212000.0
ICSA,2026-05-16,210000.0
ICSA,2026-05-23,212000.0
ICSA,2026-05-30,225000.0
ICSA,2026-06-06,230000.0
ICSA,2026-06-13,227000.0
ICSA,2026-06-20,216000.0
ICSA,2026-06-27,217000.0
ICSA,2026-07-04,217000.0
ICSA,2026-07-11,209000.0
ICSA,2026-07-18,189000.0
ICSA,2026-07-25,198000.0
ICSA,2026-08-01,200000.0
ICSA,2026-08-08,212000.0
ICSA,2026-08-15,207000.0
ICSA,2026-08-22,204000.0
ICSA,2026-08-29,207000.0
ICSA,2026-09-05,207000.0
ICSA,2026-09-12,198000.0
ICSA,2026-09-19,197000.0
INDPRO,2000-01-01,91.538
INDPRO,2000-02-01,91.8239
INDPRO,2000-03-01,92.1504
INDPRO,2000-04-01,92.6989
INDPRO,2000-05-01,92.9499
INDPRO,2000-06-01,92.9862
INDPRO,2000-07-01,92.8048
INDPRO,2000-08-01,92.5521
INDPRO,2000-09-01,92.9792
INDPRO,2000-10-01,92.6179
INDPRO,2000-11-01,92.6438
INDPRO,2000-12-01,92.3415
INDPRO,2001-01-01,91.902
INDPRO,2001-02-01,91.3034
INDPRO,2001-03-01,91.1162
INDPRO,2001-04-01,90.7891
INDPRO,2001-05-01,90.3555
INDPRO,2001-06-01,89.8784
INDPRO,2001-07-01,89.3028
INDPRO,2001-08-01,89.2003
INDPRO,2001-09-01,88.7485
INDPRO,2001-10-01,88.5052
INDPRO,2001-11-01,87.97
INDPRO,2001-12-01,87.9324
INDPRO,2002-01-01,88.5176
INDPRO,2002-02-01,88.5278
INDPRO,2002-03-01,89.1686
INDPRO,2002-04-01,89.604
INDPRO,2002-05-01,89.964
INDPRO,2002-06-01,90.7061
INDPRO,2002-07-01,90.6769
INDPRO,2002-08-01,90.5762
INDPRO,2002-09-01,90.6531
INDPRO,2002-10-01,90.4643
INDPRO,2002-11-01,90.9711
INDPRO,2002-12-01,90.4652
INDPRO,2003-01-01,91.2361
INDPRO,2003-02-01,91.3445
INDPRO,2003-03-01,91.1044
INDPRO,2003-04-01,90.5617
INDPRO,2003-05-01,90.537
INDPRO,2003-06-01,90.6527
INDPRO,2003-07-01,91.1185
INDPRO,2003-08-01,90.9197
INDPRO,2003-09-01,91.5059
INDPRO,2003-10-01,91.6186
INDPRO,2003-11-01,92.2329
INDPRO,2003-12-01,92.2602
INDPRO,2004-01-01,92.4006
INDPRO,2004-02-01,92.958
INDPRO,2004-03-01,92.5861
INDPRO,2004-04-01,92.93
INDPRO,2004-05-01,93.6013
INDPRO,2004-06-01,92.871
INDPRO,2004-07-01,93.5649
INDPRO,2004-08-01,93.6277
INDPRO,2004-09-01,93.7467
INDPRO,2004-10-01,94.5465
INDPRO,2004-11-01,94.7813
INDPRO,2004-12-01,95.5365
INDPRO,2005-01-01,95.8801
INDPRO,2005-02-01,96.5761
INDPRO,2005-03-01,96.4456
INDPRO,2005-04-01,96.6532
INDPRO,2005-05-01,96.7402
INDPRO,2005-06-01,97.1753
INDPRO,2005-07-01,96.8676
INDPRO,2005-08-01,97.1833
INDPRO,2005-09-01,95.3005
INDPRO,2005-10-01,96.4572
INDPRO,2005-11-01,97.5414
INDPRO,2005-12-01,98.0452
INDPRO,2006-01-01,98.1999
INDPRO,2006-02-01,98.2413
INDPRO,2006-03-01,98.4628
INDPRO,2006-04-01,98.7618
INDPRO,2006-05-01,98.7869
INDPRO,2006-06-01,99.0997
INDPRO,2006-07-01,99.0489
INDPRO,2006-08-01,99.4836
INDPRO,2006-09-01,99.3183
INDPRO,2006-10-01,99.2044
INDPRO,2006-11-01,99.1627
INDPRO,2006-12-01,100.1735
INDPRO,2007-01-01,99.8346
INDPRO,2007-02-01,100.7753
INDPRO,2007-03-01,100.9547
INDPRO,2007-04-01,101.6334
INDPRO,2007-05-01,101.7306
INDPRO,2007-06-01,101.7893
INDPRO,2007-07-01,101.6672
INDPRO,2007-08-01,101.863
INDPRO,2007-09-01,102.0894
INDPRO,2007-10-01,101.8015
INDPRO,2007-11-01,102.3446
INDPRO,2007-12-01,102.3803
INDPRO,2008-01-01,102.2448
INDPRO,2008-02-01,101.8438
INDPRO,2008-03-01,101.5336
INDPRO,2008-04-01,100.8785
INDPRO,2008-05-01,100.2674
INDPRO,2008-06-01,100.0335
INDPRO,2008-07-01,99.676
INDPRO,2008-08-01,98.1111
INDPRO,2008-09-01,93.7895
INDPRO,2008-10-01,94.7219
INDPRO,2008-11-01,93.4715
INDPRO,2008-12-01,90.8357
INDPRO,2009-01-01,88.57
INDPRO,2009-02-01,88.031
INDPRO,2009-03-01,86.6528
INDPRO,2009-04-01,85.9344
INDPRO,2009-05-01,85.0665
INDPRO,2009-06-01,84.7459
INDPRO,2009-07-01,85.7027
INDPRO,2009-08-01,86.6426
INDPRO,2009-09-01,87.4063
INDPRO,2009-10-01,87.6419
INDPRO,2009-11-01,88.0221
INDPRO,2009-12-01,88.3793
INDPRO,2010-01-01,89.3426
INDPRO,2010-02-01,89.6779
INDPRO,2010-03-01,90.2928
INDPRO,2010-04-01,90.5991
INDPRO,2010-05-01,91.823
INDPRO,2010-06-01,91.9928
INDPRO,2010-07-01,92.3421
INDPRO,2010-08-01,92.6805
INDPRO,2010-09-01,92.9537
INDPRO,2010-10-01,92.6903
INDPRO,2010-11-01,92.7709
INDPRO,2010-12-01,93.6787
INDPRO,2011-01-01,93.4814
INDPRO,2011-02-01,93.1102
INDPRO,2011-03-01,94.0788
INDPRO,2011-04-01,93.7749
INDPRO,2011-05-01,93.888
INDPRO,2011-06-01,94.172
INDPRO,2011-07-01,94.636
INDPRO,2011-08-01,95.2749
INDPRO,2011-09-01,95.1961
INDPRO,2011-10-01,95.8568
INDPRO,2011-11-01,95.8485
INDPRO,2011-12-01,96.3571
INDPRO,2012-01-01,96.9318
INDPRO,2012-02-01,97.2435
INDPRO,2012-03-01,96.74
INDPRO,2012-04-01,97.4359
INDPRO,2012-05-01,97.6609
INDPRO,2012-06-01,97.6663
INDPRO,2012-07-01,97.8713
INDPRO,2012-08-01,97.4525
INDPRO,2012-09-01,97.381
INDPRO,2012-10-01,97.7193
INDPRO,2012-11-01,98.0777
INDPRO,2012-12-01,98.3101
INDPRO,2013-01-01,98.3342
INDPRO,2013-02-01,98.7941
INDPRO,2013-03-01,99.1921
INDPRO,2013-04-01,99.1065
INDPRO,2013-05-01,99.1839
INDPRO,2013-06-01,99.3897
INDPRO,2013-07-01,99.0814
INDPRO,2013-08-01,99.6543
INDPRO,2013-09-01,100.161
INDPRO,2013-10-01,100.082
INDPRO,2013-11-01,100.3158
INDPRO,2013-12-01,100.5175
INDPRO,2014-01-01,100.1599
INDPRO,2014-02-01,100.9168
INDPRO,2014-03-01,101.8942
INDPRO,2014-04-01,101.9928
INDPRO,2014-05-01,102.3836
INDPRO,2014-06-01,102.735
INDPRO,2014-07-01,102.9632
INDPRO,2014-08-01,102.7688
INDPRO,2014-09-01,103.0641
INDPRO,2014-10-01,103.0764
INDPRO,2014-11-01,103.7126
INDPRO,2014-12-01,103.7044
INDPRO,2015-01-01,102.8905
INDPRO,2015-02-01,102.2335
INDPRO,2015-03-01,101.8914
INDPRO,2015-04-01,101.3355
INDPRO,2015-05-01,100.8883
INDPRO,2015-06-01,100.571
INDPRO,2015-07-01,101.2228
INDPRO,2015-08-01,101.0367
INDPRO,2015-09-01,100.7547
INDPRO,2015-10-01,100.2675
INDPRO,2015-11-01,99.5298
INDPRO,2015-12-01,99.0417
INDPRO,2016-01-01,99.5607
INDPRO,2016-02-01,99.0445
INDPRO,2016-03-01,98.3096
INDPRO,2016-04-01,98.6421
INDPRO,2016-05-01,98.4184
INDPRO,2016-06-01,98.8833
INDPRO,2016-07-01,98.9992
INDPRO,2016-08-01,98.85
INDPRO,2016-09-01,98.7457
INDPRO,2016-10-01,98.7611
INDPRO,2016-11-01,98.3491
INDPRO,2016-12-01,99.0214
INDPRO,2017-01-01,98.7611
INDPRO,2017-02-01,98.3646
INDPRO,2017-03-01,99.0137
INDPRO,2017-04-01,100.0224
INDPRO,2017-05-01,100.1408
INDPRO,2017-06-01,100.3471
INDPRO,2017-07-01,100.1068
INDPRO,2017-08-01,99.6925
INDPRO,2017-09-01,99.7954
INDPRO,2017-10-01,101.0247
INDPRO,2017-11-01,101.2664
INDPRO,2017-12-01,101.4644
INDPRO,2018-01-01,101.4625
INDPRO,2018-02-01,101.7085
INDPRO,2018-03-01,102.2067
INDPRO,2018-04-01,103.3329
INDPRO,2018-05-01,102.4024
INDPRO,2018-06-01,103.198
INDPRO,2018-07-01,103.3646
INDPRO,2018-08-01,104.0327
INDPRO,2018-09-01,104.1004
INDPRO,2018-10-01,103.9856
INDPRO,2018-11-01,104.0681
INDPRO,2018-12-01,104.0936
INDPRO,2019-01-01,103.4021
INDPRO,2019-02-01,102.8371
INDPRO,2019-03-01,102.8757
INDPRO,2019-04-01,102.274
INDPRO,2019-05-01,102.392
INDPRO,2019-06-01,102.4375
INDPRO,2019-07-01,101.9408
INDPRO,2019-08-01,102.639
INDPRO,2019-09-01,102.2917
INDPRO,2019-10-01,101.4281
INDPRO,2019-11-01,101.9372
INDPRO,2019-12-01,101.7003
INDPRO,2020-01-01,101.0338
INDPRO,2020-02-01,101.3735
INDPRO,2020-03-01,97.4078
INDPRO,2020-04-01,84.5619
INDPRO,2020-05-01,85.9604
INDPRO,2020-06-01,91.5934
INDPRO,2020-07-01,95.0256
INDPRO,2020-08-01,95.9549
INDPRO,2020-09-01,95.9669
INDPRO,2020-10-01,96.7394
INDPRO,2020-11-01,97.0816
INDPRO,2020-12-01,98.363
INDPRO,2021-01-01,98.8822
INDPRO,2021-02-01,95.6149
INDPRO,2021-03-01,98.3856
INDPRO,2021-04-01,98.5587
INDPRO,2021-05-01,99.4333
INDPRO,2021-06-01,99.7987
INDPRO,2021-07-01,100.2519
INDPRO,2021-08-01,100.0437
INDPRO,2021-09-01,98.8579
INDPRO,2021-10-01,100.1861
INDPRO,2021-11-01,100.8654
INDPRO,2021-12-01,100.5726
INDPRO,2022-01-01,100.1856
INDPRO,2022-02-01,100.8064
INDPRO,2022-03-01,101.3907
INDPRO,2022-04-01,101.44
INDPRO,2022-05-01,101.3335
INDPRO,2022-06-01,101.018
INDPRO,2022-07-01,101.223
INDPRO,2022-08-01,101.0963
INDPRO,2022-09-01,101.2918
INDPRO,2022-10-01,101.2529
INDPRO,2022-11-01,100.9552
INDPRO,2022-12-01,99.7664
INDPRO,2023-01-01,100.505
INDPRO,2023-02-01,100.6416
INDPRO,2023-03-01,101.0205
INDPRO,2023-04-01,101.253
INDPRO,2023-05-01,100.9286
INDPRO,2023-06-01,100.1196
INDPRO,2023-07-01,100.9067
INDPRO,2023-08-01,100.8393
INDPRO,2023-09-01,101.0211
INDPRO,2023-10-01,100.4689
INDPRO,2023-11-01,100.8639
INDPRO,2023-12-01,100.6031
INDPRO,2024-01-01,99.2223
INDPRO,2024-02-01,100.285
INDPRO,2024-03-01,100.4575
INDPRO,2024-04-01,100.2434
INDPRO,2024-05-01,100.863
INDPRO,2024-06-01,100.894
INDPRO,2024-07-01,99.9757
INDPRO,2024-08-01,100.4309
INDPRO,2024-09-01,99.8084
INDPRO,2024-10-01,99.4695
INDPRO,2024-11-01,99.2925
INDPRO,2024-12-01,100.3273
INDPRO,2025-01-01,100.0647
INDPRO,2025-02-01,101.0993
INDPRO,2025-03-01,101.0404
INDPRO,2025-04-01,101.1279
INDPRO,2025-05-01,100.9655
INDPRO,2025-06-01,101.4785
INDPRO,2025-07-01,101.894
INDPRO,2025-08-01,101.6247
INDPRO,2025-09-01,101.668
INDPRO,2025-10-01,101.2195
INDPRO,2025-11-01,101.0344
INDPRO,2025-12-01,101.4941
INDPRO,2026-01-01,101.0388
INDPRO,2026-02-01,101.9053
INDPRO,2026-03-01,101.7336
INDPRO,2026-04-01,102.5783
INDPRO,2026-05-01,102.6396
INDPRO,2026-06-01,102.842
INDPRO,2026-07-01,103.0454
INDPRO,2026-08-01,103.0682
PAYEMS,2000-01-01,131011.0
PAYEMS,2000-02-01,131120.0
PAYEMS,2000-03-01,131604.0
PAYEMS,2000-04-01,131884.0
PAYEMS,2000-05-01,132105.0
PAYEMS,2000-06-01,132063.0
PAYEMS,2000-07-01,132228.0
PAYEMS,2000-08-01,132234.0
PAYEMS,2000-09-01,132337.0
PAYEMS,2000-10-01,132352.0
PAYEMS,2000-11-01,132556.0
PAYEMS,2000-12-01,132716.0
PAYEMS,2001-01-01,132703.0
PAYEMS,2001-02-01,132788.0
PAYEMS,2001-03-01,132751.0
PAYEMS,2001-04-01,132458.0
PAYEMS,2001-05-01,132408.0
PAYEMS,2001-06-01,132300.0
PAYEMS,2001-07-01,132172.0
PAYEMS,2001-08-01,132021.0
PAYEMS,2001-09-01,131763.0
PAYEMS,2001-10-01,131452.0
PAYEMS,2001-11-01,131144.0
PAYEMS,2001-12-01,130983.0
PAYEMS,2002-01-01,130859.0
PAYEMS,2002-02-01,130737.0
PAYEMS,2002-03-01,130722.0
PAYEMS,2002-04-01,130616.0
PAYEMS,2002-05-01,130632.0
PAYEMS,2002-06-01,130674.0
PAYEMS,2002-07-01,130584.0
PAYEMS,2002-08-01,130581.0
PAYEMS,2002-09-01,130502.0
PAYEMS,2002-10-01,130617.0
PAYEMS,2002-11-01,130616.0
PAYEMS,2002-12-01,130465.0
PAYEMS,2003-01-01,130573.0
PAYEMS,2003-02-01,130441.0
PAYEMS,2003-03-01,130235.0
PAYEMS,2003-04-01,130173.0
PAYEMS,2003-05-01,130197.0
PAYEMS,2003-06-01,130186.0
PAYEMS,2003-07-01,130184.0
PAYEMS,2003-08-01,130153.0
PAYEMS,2003-09-01,130252.0
PAYEMS,2003-10-01,130439.0
PAYEMS,2003-11-01,130480.0
PAYEMS,2003-12-01,130589.0
PAYEMS,2004-01-01,130756.0
PAYEMS,2004-02-01,130821.0
PAYEMS,2004-03-01,131140.0
PAYEMS,2004-04-01,131412.0
PAYEMS,2004-05-01,131697.0
PAYEMS,2004-06-01,131794.0
PAYEMS,2004-07-01,131854.0
PAYEMS,2004-08-01,131939.0
PAYEMS,2004-09-01,132089.0
PAYEMS,2004-10-01,132429.0
PAYEMS,2004-11-01,132503.0
PAYEMS,2004-12-01,132630.0
PAYEMS,2005-01-01,132781.0
PAYEMS,2005-02-01,133034.0
PAYEMS,2005-03-01,133154.0
PAYEMS,2005-04-01,133520.0
PAYEMS,2005-05-01,133689.0
PAYEMS,2005-06-01,133948.0
PAYEMS,2005-07-01,134300.0
PAYEMS,2005-08-01,134502.0
PAYEMS,2005-09-01,134552.0
PAYEMS,2005-10-01,134641.0
PAYEMS,2005-11-01,134997.0
PAYEMS,2005-12-01,135159.0
PAYEMS,2006-01-01,135427.0
PAYEMS,2006-02-01,135733.0
PAYEMS,2006-03-01,136038.0
PAYEMS,2006-04-01,136210.0
PAYEMS,2006-05-01,136249.0
PAYEMS,2006-06-01,136337.0
PAYEMS,2006-07-01,136529.0
PAYEMS,2006-08-01,136692.0
PAYEMS,2006-09-01,136826.0
PAYEMS,2006-10-01,136843.0
PAYEMS,2006-11-01,137060.0
PAYEMS,2006-12-01,137249.0
PAYEMS,2007-01-01,137472.0
PAYEMS,2007-02-01,137560.0
PAYEMS,2007-03-01,137784.0
PAYEMS,2007-04-01,137847.0
PAYEMS,2007-05-01,137992.0
PAYEMS,2007-06-01,138070.0
PAYEMS,2007-07-01,138044.0
PAYEMS,2007-08-01,138013.0
PAYEMS,2007-09-01,138099.0
PAYEMS,2007-10-01,138175.0
PAYEMS,2007-11-01,138290.0
PAYEMS,2007-12-01,138395.0
PAYEMS,2008-01-01,138391.0
PAYEMS,2008-02-01,138329.0
PAYEMS,2008-03-01,138259.0
PAYEMS,2008-04-01,138040.0
PAYEMS,2008-05-01,137851.0
PAYEMS,2008-06-01,137700.0
PAYEMS,2008-07-01,137497.0
PAYEMS,2008-08-01,137211.0
PAYEMS,2008-09-01,136760.0
PAYEMS,2008-10-01,136291.0
PAYEMS,2008-11-01,135541.0
PAYEMS,2008-12-01,134847.0
PAYEMS,2009-01-01,134079.0
PAYEMS,2009-02-01,133318.0
PAYEMS,2009-03-01,132494.0
PAYEMS,2009-04-01,131822.0
PAYEMS,2009-05-01,131466.0
PAYEMS,2009-06-01,131008.0
PAYEMS,2009-07-01,130662.0
PAYEMS,2009-08-01,130472.0
PAYEMS,2009-09-01,130246.0
PAYEMS,2009-10-01,130061.0
PAYEMS,2009-11-01,130057.0
PAYEMS,2009-12-01,129808.0
PAYEMS,2010-01-01,129802.0
PAYEMS,2010-02-01,129706.0
PAYEMS,2010-03-01,129866.0
PAYEMS,2010-04-01,130120.0
PAYEMS,2010-05-01,130642.0
PAYEMS,2010-06-01,130510.0
PAYEMS,2010-07-01,130415.0
PAYEMS,2010-08-01,130415.0
PAYEMS,2010-09-01,130341.0
PAYEMS,2010-10-01,130620.0
PAYEMS,2010-11-01,130749.0
PAYEMS,2010-12-01,130830.0
PAYEMS,2011-01-01,130837.0
PAYEMS,2011-02-01,131057.0
PAYEMS,2011-03-01,131283.0
PAYEMS,2011-04-01,131597.0
PAYEMS,2011-05-01,131703.0
PAYEMS,2011-06-01,131931.0
PAYEMS,2011-07-01,131992.0
PAYEMS,2011-08-01,132125.0
PAYEMS,2011-09-01,132344.0
PAYEMS,2011-10-01,132553.0
PAYEMS,2011-11-01,132690.0
PAYEMS,2011-12-01,132888.0
PAYEMS,2012-01-01,133246.0
PAYEMS,2012-02-01,133509.0
PAYEMS,2012-03-01,133748.0
PAYEMS,2012-04-01,133825.0
PAYEMS,2012-05-01,133932.0
PAYEMS,2012-06-01,134013.0
PAYEMS,2012-07-01,134157.0
PAYEMS,2012-08-01,134339.0
PAYEMS,2012-09-01,134517.0
PAYEMS,2012-10-01,134669.0
PAYEMS,2012-11-01,134825.0
PAYEMS,2012-12-01,135074.0
PAYEMS,2013-01-01,135257.0
PAYEMS,2013-02-01,135546.0
PAYEMS,2013-03-01,135689.0
PAYEMS,2013-04-01,135873.0
PAYEMS,2013-05-01,136096.0
PAYEMS,2013-06-01,136279.0
PAYEMS,2013-07-01,136391.0
PAYEMS,2013-08-01,136646.0
PAYEMS,2013-09-01,136821.0
PAYEMS,2013-10-01,137041.0
PAYEMS,2013-11-01,137317.0
PAYEMS,2013-12-01,137372.0
PAYEMS,2014-01-01,137561.0
PAYEMS,2014-02-01,137712.0
PAYEMS,2014-03-01,137985.0
PAYEMS,2014-04-01,138298.0
PAYEMS,2014-05-01,138513.0
PAYEMS,2014-06-01,138849.0
PAYEMS,2014-07-01,139072.0
PAYEMS,2014-08-01,139269.0
PAYEMS,2014-09-01,139563.0
PAYEMS,2014-10-01,139798.0
PAYEMS,2014-11-01,140089.0
PAYEMS,2014-12-01,140364.0
PAYEMS,2015-01-01,140568.0
PAYEMS,2015-02-01,140827.0
PAYEMS,2015-03-01,140923.0
PAYEMS,2015-04-01,141196.0
PAYEMS,2015-05-01,141538.0
PAYEMS,2015-06-01,141709.0
PAYEMS,2015-07-01,141991.0
PAYEMS,2015-08-01,142125.0
PAYEMS,2015-09-01,142275.0
PAYEMS,2015-10-01,142579.0
PAYEMS,2015-11-01,142808.0
PAYEMS,2015-12-01,143077.0
PAYEMS,2016-01-01,143210.0
PAYEMS,2016-02-01,143406.0
PAYEMS,2016-03-01,143662.0
PAYEMS,2016-04-01,143854.0
PAYEMS,2016-05-01,143900.0
PAYEMS,2016-06-01,144147.0
PAYEMS,2016-07-01,144520.0
PAYEMS,2016-08-01,144661.0
PAYEMS,2016-09-01,144967.0
PAYEMS,2016-10-01,145065.0
PAYEMS,2016-11-01,145183.0
PAYEMS,2016-12-01,145408.0
PAYEMS,2017-01-01,145628.0
PAYEMS,2017-02-01,145846.0
PAYEMS,2017-03-01,145970.0
PAYEMS,2017-04-01,146175.0
PAYEMS,2017-05-01,146380.0
PAYEMS,2017-06-01,146583.0
PAYEMS,2017-07-01,146772.0
PAYEMS,2017-08-01,146919.0
PAYEMS,2017-09-01,147008.0
PAYEMS,2017-10-01,147149.0
PAYEMS,2017-11-01,147372.0
PAYEMS,2017-12-01,147523.0
PAYEMS,2018-01-01,147660.0
PAYEMS,2018-02-01,148054.0
PAYEMS,2018-03-01,148280.0
PAYEMS,2018-04-01,148420.0
PAYEMS,2018-05-01,148742.0
PAYEMS,2018-06-01,148960.0
PAYEMS,2018-07-01,149020.0
PAYEMS,2018-08-01,149277.0
PAYEMS,2018-09-01,149358.0
PAYEMS,2018-10-01,149527.0
PAYEMS,2018-11-01,149617.0
PAYEMS,2018-12-01,149809.0
PAYEMS,2019-01-01,150060.0
PAYEMS,2019-02-01,150067.0
PAYEMS,2019-03-01,150295.0
PAYEMS,2019-04-01,150591.0
PAYEMS,2019-05-01,150618.0
PAYEMS,2019-06-01,150838.0
PAYEMS,2019-07-01,150937.0
PAYEMS,2019-08-01,151169.0
PAYEMS,2019-09-01,151365.0
PAYEMS,2019-10-01,151460.0
PAYEMS,2019-11-01,151667.0
PAYEMS,2019-12-01,151794.0
PAYEMS,2020-01-01,152031.0
PAYEMS,2020-02-01,152293.0
PAYEMS,2020-03-01,150895.0
PAYEMS,2020-04-01,130426.0
PAYEMS,2020-05-01,133040.0
PAYEMS,2020-06-01,137671.0
PAYEMS,2020-07-01,139255.0
PAYEMS,2020-08-01,140821.0
PAYEMS,2020-09-01,141770.0
PAYEMS,2020-10-01,142460.0
PAYEMS,2020-11-01,142733.0
PAYEMS,2020-12-01,142548.0
PAYEMS,2021-01-01,142863.0
PAYEMS,2021-02-01,143380.0
PAYEMS,2021-03-01,144232.0
PAYEMS,2021-04-01,144587.0
PAYEMS,2021-05-01,145065.0
PAYEMS,2021-06-01,145820.0
PAYEMS,2021-07-01,146762.0
PAYEMS,2021-08-01,147314.0
PAYEMS,2021-09-01,147771.0
PAYEMS,2021-10-01,148572.0
PAYEMS,2021-11-01,149230.0
PAYEMS,2021-12-01,149816.0
PAYEMS,2022-01-01,150006.0
PAYEMS,2022-02-01,150825.0
PAYEMS,2022-03-01,151315.0
PAYEMS,2022-04-01,151623.0
PAYEMS,2022-05-01,151924.0
PAYEMS,2022-06-01,152358.0
PAYEMS,2022-07-01,153072.0
PAYEMS,2022-08-01,153362.0
PAYEMS,2022-09-01,153582.0
PAYEMS,2022-10-01,153939.0
PAYEMS,2022-11-01,154242.0
PAYEMS,2022-12-01,154342.0
PAYEMS,2023-01-01,154776.0
PAYEMS,2023-02-01,155066.0
PAYEMS,2023-03-01,155134.0
PAYEMS,2023-04-01,155375.0
PAYEMS,2023-05-01,155655.0
PAYEMS,2023-06-01,155880.0
PAYEMS,2023-07-01,156043.0
PAYEMS,2023-08-01,156261.0
PAYEMS,2023-09-01,156417.0
PAYEMS,2023-10-01,156576.0
PAYEMS,2023-11-01,156703.0
PAYEMS,2023-12-01,156857.0
PAYEMS,2024-01-01,157032.0
PAYEMS,2024-02-01,157238.0
PAYEMS,2024-03-01,157466.0
PAYEMS,2024-04-01,157530.0
PAYEMS,2024-05-01,157608.0
PAYEMS,2024-06-01,157695.0
PAYEMS,2024-07-01,157748.0
PAYEMS,2024-08-01,157757.0
PAYEMS,2024-09-01,157912.0
PAYEMS,2024-10-01,157945.0
PAYEMS,2024-11-01,158079.0
PAYEMS,2024-12-01,158316.0
PAYEMS,2025-01-01,158268.0
PAYEMS,2025-02-01,158310.0
PAYEMS,2025-03-01,158377.0
PAYEMS,2025-04-01,158485.0
PAYEMS,2025-05-01,158498.0
PAYEMS,2025-06-01,158478.0
PAYEMS,2025-07-01,158542.0
PAYEMS,2025-08-01,158472.0
PAYEMS,2025-09-01,158548.0
PAYEMS,2025-10-01,158408.0
PAYEMS,2025-11-01,158449.0
PAYEMS,2025-12-01,158432.0
PAYEMS,2026-01-01,158592.0
PAYEMS,2026-02-01,158436.0
PAYEMS,2026-03-01,158650.0
PAYEMS,2026-04-01,158798.0
PAYEMS,2026-05-01,158861.0
PAYEMS,2026-06-01,158892.0
PAYEMS,2026-07-01,158913.0
PAYEMS,2026-08-01,159075.0
PPIACO,2000-01-01,128.3
PPIACO,2000-02-01,129.8
PPIACO,2000-03-01,130.8
PPIACO,2000-04-01,130.7
PPIACO,2000-05-01,131.6
PPIACO,2000-06-01,133.8
PPIACO,2000-07-01,133.7
PPIACO,2000-08-01,132.9
PPIACO,2000-09-01,134.7
PPIACO,2000-10-01,135.4
PPIACO,2000-11-01,135.0
PPIACO,2000-12-01,136.2
PPIACO,2001-01-01,140.0
PPIACO,2001-02-01,137.4
PPIACO,2001-03-01,135.9
PPIACO,2001-04-01,136.4
PPIACO,2001-05-01,136.8
PPIACO,2001-06-01,135.5
PPIACO,2001-07-01,133.4
PPIACO,2001-08-01,133.4
PPIACO,2001-09-01,133.3
PPIACO,2001-10-01,130.3
PPIACO,2001-11-01,129.8
PPIACO,2001-12-01,128.1
PPIACO,2002-01-01,128.5
PPIACO,2002-02-01,128.4
PPIACO,2002-03-01,129.8
PPIACO,2002-04-01,130.8
PPIACO,2002-05-01,130.8
PPIACO,2002-06-01,130.9
PPIACO,2002-07-01,131.2
PPIACO,2002-08-01,131.5
PPIACO,2002-09-01,132.3
PPIACO,2002-10-01,133.2
PPIACO,2002-11-01,133.1
PPIACO,2002-12-01,132.9
PPIACO,2003-01-01,135.3
PPIACO,2003-02-01,137.6
PPIACO,2003-03-01,141.2
PPIACO,2003-04-01,136.8
PPIACO,2003-05-01,136.7
PPIACO,2003-06-01,138.0
PPIACO,2003-07-01,137.7
PPIACO,2003-08-01,138.0
PPIACO,2003-09-01,138.5
PPIACO,2003-10-01,139.3
PPIACO,2003-11-01,138.9
PPIACO,2003-12-01,139.5
PPIACO,2004-01-01,141.4
PPIACO,2004-02-01,142.1
PPIACO,2004-03-01,143.1
PPIACO,2004-04-01,144.8
PPIACO,2004-05-01,146.8
PPIACO,2004-06-01,147.2
PPIACO,2004-07-01,147.4
PPIACO,2004-08-01,148.0
PPIACO,2004-09-01,147.7
PPIACO,2004-10-01,150.0
PPIACO,2004-11-01,151.4
PPIACO,2004-12-01,150.2
PPIACO,2005-01-01,150.9
PPIACO,2005-02-01,151.6
PPIACO,2005-03-01,153.7
PPIACO,2005-04-01,155.0
PPIACO,2005-05-01,154.3
PPIACO,2005-06-01,154.3
PPIACO,2005-07-01,156.3
PPIACO,2005-08-01,157.6
PPIACO,2005-09-01,162.2
PPIACO,2005-10-01,166.2
PPIACO,2005-11-01,163.7
PPIACO,2005-12-01,163.0
PPIACO,2006-01-01,164.3
PPIACO,2006-02-01,161.8
PPIACO,2006-03-01,162.2
PPIACO,2006-04-01,164.3
PPIACO,2006-05-01,165.8
PPIACO,2006-06-01,166.1
PPIACO,2006-07-01,166.8
PPIACO,2006-08-01,167.9
PPIACO,2006-09-01,165.4
PPIACO,2006-10-01,162.2
PPIACO,2006-11-01,164.6
PPIACO,2006-12-01,165.6
PPIACO,2007-01-01,164.0
PPIACO,2007-02-01,166.8
PPIACO,2007-03-01,169.3
PPIACO,2007-04-01,171.4
PPIACO,2007-05-01,173.3
PPIACO,2007-06-01,173.8
PPIACO,2007-07-01,175.1
PPIACO,2007-08-01,172.4
PPIACO,2007-09-01,173.5
PPIACO,2007-10-01,174.7
PPIACO,2007-11-01,179.0
PPIACO,2007-12-01,178.6
PPIACO,2008-01-01,181.0
PPIACO,2008-02-01,182.7
PPIACO,2008-03-01,187.9
PPIACO,2008-04-01,190.9
PPIACO,2008-05-01,196.6
PPIACO,2008-06-01,200.5
PPIACO,2008-07-01,205.5
PPIACO,2008-08-01,199.0
PPIACO,2008-09-01,196.9
PPIACO,2008-10-01,186.4
PPIACO,2008-11-01,176.8
PPIACO,2008-12-01,170.9
PPIACO,2009-01-01,171.2
PPIACO,2009-02-01,169.3
PPIACO,2009-03-01,168.1
PPIACO,2009-04-01,169.1
PPIACO,2009-05-01,170.8
PPIACO,2009-06-01,174.1
PPIACO,2009-07-01,172.5
PPIACO,2009-08-01,175.0
PPIACO,2009-09-01,174.1
PPIACO,2009-10-01,175.2
PPIACO,2009-11-01,177.4
PPIACO,2009-12-01,178.1
PPIACO,2010-01-01,181.9
PPIACO,2010-02-01,181.0
PPIACO,2010-03-01,183.3
PPIACO,2010-04-01,184.4
PPIACO,2010-05-01,184.8
PPIACO,2010-06-01,183.5
PPIACO,2010-07-01,184.1
PPIACO,2010-08-01,184.9
PPIACO,2010-09-01,184.9
PPIACO,2010-10-01,186.6
PPIACO,2010-11-01,187.7
PPIACO,2010-12-01,189.7
PPIACO,2011-01-01,192.7
PPIACO,2011-02-01,195.8
PPIACO,2011-03-01,199.2
PPIACO,2011-04-01,203.1
PPIACO,2011-05-01,204.1
PPIACO,2011-06-01,203.9
PPIACO,2011-07-01,204.6
PPIACO,2011-08-01,203.2
PPIACO,2011-09-01,203.7
PPIACO,2011-10-01,201.1
PPIACO,2011-11-01,201.4
PPIACO,2011-12-01,199.8
PPIACO,2012-01-01,200.7
PPIACO,2012-02-01,201.6
PPIACO,2012-03-01,204.2
PPIACO,2012-04-01,203.7
PPIACO,2012-05-01,201.9
PPIACO,2012-06-01,199.8
PPIACO,2012-07-01,200.1
PPIACO,2012-08-01,202.7
PPIACO,2012-09-01,204.4
PPIACO,2012-10-01,203.5
PPIACO,2012-11-01,201.8
PPIACO,2012-12-01,201.5
PPIACO,2013-01-01,202.5
PPIACO,2013-02-01,204.3
PPIACO,2013-03-01,204.0
PPIACO,2013-04-01,203.5
PPIACO,2013-05-01,204.1
PPIACO,2013-06-01,204.3
PPIACO,2013-07-01,204.4
PPIACO,2013-08-01,204.2
PPIACO,2013-09-01,203.9
PPIACO,2013-10-01,202.5
PPIACO,2013-11-01,201.2
PPIACO,2013-12-01,202.0
PPIACO,2014-01-01,203.8
PPIACO,2014-02-01,205.7
PPIACO,2014-03-01,207.0
PPIACO,2014-04-01,208.3
PPIACO,2014-05-01,208.0
PPIACO,2014-06-01,208.3
PPIACO,2014-07-01,208.0
PPIACO,2014-08-01,207.0
PPIACO,2014-09-01,206.4
PPIACO,2014-10-01,203.4
PPIACO,2014-11-01,200.9
PPIACO,2014-12-01,197.0
PPIACO,2015-01-01,192.0
PPIACO,2015-02-01,191.1
PPIACO,2015-03-01,191.5
PPIACO,2015-04-01,190.9
PPIACO,2015-05-01,193.4
PPIACO,2015-06-01,194.8
PPIACO,2015-07-01,193.9
PPIACO,2015-08-01,191.9
PPIACO,2015-09-01,189.1
PPIACO,2015-10-01,187.5
PPIACO,2015-11-01,185.7
PPIACO,2015-12-01,183.5
PPIACO,2016-01-01,182.6
PPIACO,2016-02-01,181.3
PPIACO,2016-03-01,182.1
PPIACO,2016-04-01,183.2
PPIACO,2016-05-01,185.3
PPIACO,2016-06-01,187.6
PPIACO,2016-07-01,187.7
PPIACO,2016-08-01,186.6
PPIACO,2016-09-01,186.9
PPIACO,2016-10-01,186.7
PPIACO,2016-11-01,186.3
PPIACO,2016-12-01,188.2
PPIACO,2017-01-01,190.7
PPIACO,2017-02-01,191.6
PPIACO,2017-03-01,191.5
PPIACO,2017-04-01,193.0
PPIACO,2017-05-01,192.8
PPIACO,2017-06-01,193.6
PPIACO,2017-07-01,193.5
PPIACO,2017-08-01,193.8
PPIACO,2017-09-01,194.8
PPIACO,2017-10-01,194.9
PPIACO,2017-11-01,195.9
PPIACO,2017-12-01,196.3
PPIACO,2018-01-01,197.9
PPIACO,2018-02-01,199.3
PPIACO,2018-03-01,199.3
PPIACO,2018-04-01,200.3
PPIACO,2018-05-01,203.2
PPIACO,2018-06-01,204.2
PPIACO,2018-07-01,204.3
PPIACO,2018-08-01,203.4
PPIACO,2018-09-01,203.6
PPIACO,2018-10-01,204.6
PPIACO,2018-11-01,202.3
PPIACO,2018-12-01,201.0
PPIACO,2019-01-01,199.1
PPIACO,2019-02-01,199.2
PPIACO,2019-03-01,200.8
PPIACO,2019-04-01,202.1
PPIACO,2019-05-01,201.7
PPIACO,2019-06-01,200.3
PPIACO,2019-07-01,200.7
PPIACO,2019-08-01,199.2
PPIACO,2019-09-01,198.4
PPIACO,2019-10-01,198.6
PPIACO,2019-11-01,199.0
PPIACO,2019-12-01,199.0
PPIACO,2020-01-01,199.3
PPIACO,2020-02-01,196.7
PPIACO,2020-03-01,193.1
PPIACO,2020-04-01,185.5
PPIACO,2020-05-01,188.6
PPIACO,2020-06-01,191.2
PPIACO,2020-07-01,193.0
PPIACO,2020-08-01,194.3
PPIACO,2020-09-01,195.5
PPIACO,2020-10-01,196.5
PPIACO,2020-11-01,198.3
PPIACO,2020-12-01,200.5
PPIACO,2021-01-01,204.8
PPIACO,2021-02-01,210.6
PPIACO,2021-03-01,215.0
PPIACO,2021-04-01,217.9
PPIACO,2021-05-01,224.9
PPIACO,2021-06-01,228.9
PPIACO,2021-07-01,231.85
PPIACO,2021-08-01,233.415
PPIACO,2021-09-01,235.678
PPIACO,2021-10-01,240.465
PPIACO,2021-11-01,243.287
PPIACO,2021-12-01,241.338
PPIACO,2022-01-01,246.453
PPIACO,2022-02-01,252.66
PPIACO,2022-03-01,260.014
PPIACO,2022-04-01,265.31
PPIACO,2022-05-01,273.251
PPIACO,2022-06-01,280.251
PPIACO,2022-07-01,272.274
PPIACO,2022-08-01,269.546
PPIACO,2022-09-01,267.898
PPIACO,2022-10-01,265.061
PPIACO,2022-11-01,263.157
PPIACO,2022-12-01,257.897
PPIACO,2023-01-01,260.227
PPIACO,2023-02-01,258.669
PPIACO,2023-03-01,257.062
PPIACO,2023-04-01,256.908
PPIACO,2023-05-01,253.67
PPIACO,2023-06-01,253.86
PPIACO,2023-07-01,253.835
PPIACO,2023-08-01,257.68
PPIACO,2023-09-01,258.934
PPIACO,2023-10-01,255.192
PPIACO,2023-11-01,252.856
PPIACO,2023-12-01,249.866
PPIACO,2024-01-01,251.306
PPIACO,2024-02-01,254.926
PPIACO,2024-03-01,255.095
PPIACO,2024-04-01,256.978
PPIACO,2024-05-01,255.313
PPIACO,2024-06-01,255.914
PPIACO,2024-07-01,257.321
PPIACO,2024-08-01,255.463
PPIACO,2024-09-01,252.682
PPIACO,2024-10-01,253.081
PPIACO,2024-11-01,253.211
PPIACO,2024-12-01,253.423
PPIACO,2025-01-01,257.36
PPIACO,2025-02-01,259.498
PPIACO,2025-03-01,258.525
PPIACO,2025-04-01,258.392
PPIACO,2025-05-01,258.678
PPIACO,2025-06-01,260.491
PPIACO,2025-07-01,262.358
PPIACO,2025-08-01,262.11
PPIACO,2025-09-01,262.054
PPIACO,2025-10-01,260.591
PPIACO,2025-11-01,261.914
PPIACO,2025-12-01,261.333
PPIACO,2026-01-01,263.608
PPIACO,2026-02-01,269.535
PPIACO,2026-03-01,276.109
PPIACO,2026-04-01,282.722
PPIACO,2026-05-01,290.2
PPIACO,2026-06-01,286.023
PPIACO,2026-07-01,285.181
PPIACO,2026-08-01,287.928
RRSFS,2000-01-01,154486.0
RRSFS,2000-02-01,156286.0
RRSFS,2000-03-01,157321.0
RRSFS,2000-04-01,154516.0
RRSFS,2000-05-01,155369.0
RRSFS,2000-06-01,155488.0
RRSFS,2000-07-01,153841.0
RRSFS,2000-08-01,154537.0
RRSFS,2000-09-01,155831.0
RRSFS,2000-10-01,155457.0
RRSFS,2000-11-01,154334.0
RRSFS,2000-12-01,153687.0
RRSFS,2001-01-01,155399.0
RRSFS,2001-02-01,154902.0
RRSFS,2001-03-01,153220.0
RRSFS,2001-04-01,155561.0
RRSFS,2001-05-01,155538.0
RRSFS,2001-06-01,154459.0
RRSFS,2001-07-01,153945.0
RRSFS,2001-08-01,155388.0
RRSFS,2001-09-01,150843.0
RRSFS,2001-10-01,162518.0
RRSFS,2001-11-01,157765.0
RRSFS,2001-12-01,155751.0
RRSFS,2002-01-01,155957.0
RRSFS,2002-02-01,156668.0
RRSFS,2002-03-01,155787.0
RRSFS,2002-04-01,156803.0
RRSFS,2002-05-01,155413.0
RRSFS,2002-06-01,156139.0
RRSFS,2002-07-01,157867.0
RRSFS,2002-08-01,158384.0
RRSFS,2002-09-01,155456.0
RRSFS,2002-10-01,156148.0
RRSFS,2002-11-01,156148.0
RRSFS,2002-12-01,157671.0
RRSFS,2003-01-01,158082.0
RRSFS,2003-02-01,155063.0
RRSFS,2003-03-01,156703.0
RRSFS,2003-04-01,157780.0
RRSFS,2003-05-01,158348.0
RRSFS,2003-06-01,160388.0
RRSFS,2003-07-01,161245.0
RRSFS,2003-08-01,162380.0
RRSFS,2003-09-01,161492.0
RRSFS,2003-10-01,161279.0
RRSFS,2003-11-01,161856.0
RRSFS,2003-12-01,162104.0
RRSFS,2004-01-01,162100.0
RRSFS,2004-02-01,162783.0
RRSFS,2004-03-01,165404.0
RRSFS,2004-04-01,164012.0
RRSFS,2004-05-01,165296.0
RRSFS,2004-06-01,163646.0
RRSFS,2004-07-01,164823.0
RRSFS,2004-08-01,164478.0
RRSFS,2004-09-01,167253.0
RRSFS,2004-10-01,166916.0
RRSFS,2004-11-01,167199.0
RRSFS,2004-12-01,169365.0
RRSFS,2005-01-01,167678.0
RRSFS,2005-02-01,169079.0
RRSFS,2005-03-01,168917.0
RRSFS,2005-04-01,169914.0
RRSFS,2005-05-01,169025.0
RRSFS,2005-06-01,174093.0
RRSFS,2005-07-01,174207.0
RRSFS,2005-08-01,171140.0
RRSFS,2005-09-01,169316.0
RRSFS,2005-10-01,169138.0
RRSFS,2005-11-01,171489.0
RRSFS,2005-12-01,171577.0
RRSFS,2006-01-01,175446.0
RRSFS,2006-02-01,174033.0
RRSFS,2006-03-01,174440.0
RRSFS,2006-04-01,174426.0
RRSFS,2006-05-01,173318.0
RRSFS,2006-06-01,173833.0
RRSFS,2006-07-01,173443.0
RRSFS,2006-08-01,173349.0
RRSFS,2006-09-01,173195.0
RRSFS,2006-10-01,173866.0
RRSFS,2006-11-01,174315.0
RRSFS,2006-12-01,175464.0
RRSFS,2007-01-01,174891.0
RRSFS,2007-02-01,174584.0
RRSFS,2007-03-01,175078.0
RRSFS,2007-04-01,174140.0
RRSFS,2007-05-01,175611.0
RRSFS,2007-06-01,173830.0
RRSFS,2007-07-01,174260.0
RRSFS,2007-08-01,175125.0
RRSFS,2007-09-01,175106.0
RRSFS,2007-10-01,175593.0
RRSFS,2007-11-01,175862.0
RRSFS,2007-12-01,173364.0
RRSFS,2008-01-01,173145.0
RRSFS,2008-02-01,171203.0
RRSFS,2008-03-01,171079.0
RRSFS,2008-04-01,170521.0
RRSFS,2008-05-01,171116.0
RRSFS,2008-06-01,169650.0
RRSFS,2008-07-01,167839.0
RRSFS,2008-08-01,166725.0
RRSFS,2008-09-01,164015.0
RRSFS,2008-10-01,159514.0
RRSFS,2008-11-01,155990.0
RRSFS,2008-12-01,153628.0
RRSFS,2009-01-01,155609.0
RRSFS,2009-02-01,154381.0
RRSFS,2009-03-01,151831.0
RRSFS,2009-04-01,152473.0
RRSFS,2009-05-01,153510.0
RRSFS,2009-06-01,154675.0
RRSFS,2009-07-01,155393.0
RRSFS,2009-08-01,157621.0
RRSFS,2009-09-01,153338.0
RRSFS,2009-10-01,154541.0
RRSFS,2009-11-01,155280.0
RRSFS,2009-12-01,155850.0
RRSFS,2010-01-01,155913.0
RRSFS,2010-02-01,156286.0
RRSFS,2010-03-01,159636.0
RRSFS,2010-04-01,160931.0
RRSFS,2010-05-01,159629.0
RRSFS,2010-06-01,159538.0
RRSFS,2010-07-01,159744.0
RRSFS,2010-08-01,160235.0
RRSFS,2010-09-01,161346.0
RRSFS,2010-10-01,162629.0
RRSFS,2010-11-01,163691.0
RRSFS,2010-12-01,164184.0
RRSFS,2011-01-01,164745.0
RRSFS,2011-02-01,165605.0
RRSFS,2011-03-01,166233.0
RRSFS,2011-04-01,166368.0
RRSFS,2011-05-01,165701.0
RRSFS,2011-06-01,167072.0
RRSFS,2011-07-01,166571.0
RRSFS,2011-08-01,166232.0
RRSFS,2011-09-01,167717.0
RRSFS,2011-10-01,168559.0
RRSFS,2011-11-01,168783.0
RRSFS,2011-12-01,168990.0
RRSFS,2012-01-01,170088.0
RRSFS,2012-02-01,171818.0
RRSFS,2012-03-01,172066.0
RRSFS,2012-04-01,171071.0
RRSFS,2012-05-01,171121.0
RRSFS,2012-06-01,169742.0
RRSFS,2012-07-01,170474.0
RRSFS,2012-08-01,171593.0
RRSFS,2012-09-01,172145.0
RRSFS,2012-10-01,171601.0
RRSFS,2012-11-01,172847.0
RRSFS,2012-12-01,173467.0
RRSFS,2013-01-01,174567.0
RRSFS,2013-02-01,175635.0
RRSFS,2013-03-01,174884.0
RRSFS,2013-04-01,174390.0
RRSFS,2013-05-01,175373.0
RRSFS,2013-06-01,175491.0
RRSFS,2013-07-01,176156.0
RRSFS,2013-08-01,175490.0
RRSFS,2013-09-01,175575.0
RRSFS,2013-10-01,176061.0
RRSFS,2013-11-01,176233.0
RRSFS,2013-12-01,176727.0
RRSFS,2014-01-01,174918.0
RRSFS,2014-02-01,176923.0
RRSFS,2014-03-01,178466.0
RRSFS,2014-04-01,179959.0
RRSFS,2014-05-01,179916.0
RRSFS,2014-06-01,180122.0
RRSFS,2014-07-01,180245.0
RRSFS,2014-08-01,181664.0
RRSFS,2014-09-01,181150.0
RRSFS,2014-10-01,181908.0
RRSFS,2014-11-01,182761.0
RRSFS,2014-12-01,182056.0
RRSFS,2015-01-01,182413.0
RRSFS,2015-02-01,181489.0
RRSFS,2015-03-01,183767.0
RRSFS,2015-04-01,183924.0
RRSFS,2015-05-01,184752.0
RRSFS,2015-06-01,184279.0
RRSFS,2015-07-01,185663.0
RRSFS,2015-08-01,185625.0
RRSFS,2015-09-01,185209.0
RRSFS,2015-10-01,184532.0
RRSFS,2015-11-01,184988.0
RRSFS,2015-12-01,185964.0
RRSFS,2016-01-01,184920.0
RRSFS,2016-02-01,186705.0
RRSFS,2016-03-01,185591.0
RRSFS,2016-04-01,185887.0
RRSFS,2016-05-01,185964.0
RRSFS,2016-06-01,187425.0
RRSFS,2016-07-01,187333.0
RRSFS,2016-08-01,187053.0
RRSFS,2016-09-01,187853.0
RRSFS,2016-10-01,187741.0
RRSFS,2016-11-01,187539.0
RRSFS,2016-12-01,189297.0
RRSFS,2017-01-01,190631.0
RRSFS,2017-02-01,190276.0
RRSFS,2017-03-01,190114.0
RRSFS,2017-04-01,190536.0
RRSFS,2017-05-01,189650.0
RRSFS,2017-06-01,190500.0
RRSFS,2017-07-01,190421.0
RRSFS,2017-08-01,190070.0
RRSFS,2017-09-01,193042.0
RRSFS,2017-10-01,193048.0
RRSFS,2017-11-01,194493.0
RRSFS,2017-12-01,195148.0
RRSFS,2018-01-01,193448.0
RRSFS,2018-02-01,193978.0
RRSFS,2018-03-01,193972.0
RRSFS,2018-04-01,193486.0
RRSFS,2018-05-01,196163.0
RRSFS,2018-06-01,195296.0
RRSFS,2018-07-01,196304.0
RRSFS,2018-08-01,196074.0
RRSFS,2018-09-01,194902.0
RRSFS,2018-10-01,196389.0
RRSFS,2018-11-01,197492.0
RRSFS,2018-12-01,193504.0
RRSFS,2019-01-01,194187.0
RRSFS,2019-02-01,194123.0
RRSFS,2019-03-01,196358.0
RRSFS,2019-04-01,195642.0
RRSFS,2019-05-01,197708.0
RRSFS,2019-06-01,197972.0
RRSFS,2019-07-01,199018.0
RRSFS,2019-08-01,200191.0
RRSFS,2019-09-01,198605.0
RRSFS,2019-10-01,198576.0
RRSFS,2019-11-01,199402.0
RRSFS,2019-12-01,199461.0
RRSFS,2020-01-01,198790.0
RRSFS,2020-02-01,198777.0
RRSFS,2020-03-01,181467.0
RRSFS,2020-04-01,156632.0
RRSFS,2020-05-01,187039.0
RRSFS,2020-06-01,201538.0
RRSFS,2020-07-01,203716.0
RRSFS,2020-08-01,204667.0
RRSFS,2020-09-01,208195.0
RRSFS,2020-10-01,207097.0
RRSFS,2020-11-01,204645.0
RRSFS,2020-12-01,205517.0
RRSFS,2021-01-01,212888.0
RRSFS,2021-02-01,206728.0
RRSFS,2021-03-01,227800.0
RRSFS,2021-04-01,228405.0
RRSFS,2021-05-01,225529.0
RRSFS,2021-06-01,226100.0
RRSFS,2021-07-01,221335.0
RRSFS,2021-08-01,222071.0
RRSFS,2021-09-01,222581.0
RRSFS,2021-10-01,223675.0
RRSFS,2021-11-01,224034.0
RRSFS,2021-12-01,220740.0
RRSFS,2022-01-01,223509.0
RRSFS,2022-02-01,224289.0
RRSFS,2022-03-01,226307.0
RRSFS,2022-04-01,228788.0
RRSFS,2022-05-01,226520.0
RRSFS,2022-06-01,225834.0
RRSFS,2022-07-01,223642.0
RRSFS,2022-08-01,224864.0
RRSFS,2022-09-01,223336.0
RRSFS,2022-10-01,224381.0
RRSFS,2022-11-01,220712.0
RRSFS,2022-12-01,218103.0
RRSFS,2023-01-01,226434.0
RRSFS,2023-02-01,222973.0
RRSFS,2023-03-01,220353.0
RRSFS,2023-04-01,221398.0
RRSFS,2023-05-01,222165.0
RRSFS,2023-06-01,222726.0
RRSFS,2023-07-01,222720.0
RRSFS,2023-08-01,223716.0
RRSFS,2023-09-01,224360.0
RRSFS,2023-10-01,222995.0
RRSFS,2023-11-01,222402.0
RRSFS,2023-12-01,222282.0
RRSFS,2024-01-01,219716.0
RRSFS,2024-02-01,220371.0
RRSFS,2024-03-01,220154.0
RRSFS,2024-04-01,219665.0
RRSFS,2024-05-01,221210.0
RRSFS,2024-06-01,221199.0
RRSFS,2024-07-01,222865.0
RRSFS,2024-08-01,221943.0
RRSFS,2024-09-01,223382.0
RRSFS,2024-10-01,224404.0
RRSFS,2024-11-01,224894.0
RRSFS,2024-12-01,225836.0
RRSFS,2025-01-01,222993.0
RRSFS,2025-02-01,222590.0
RRSFS,2025-03-01,226195.0
RRSFS,2025-04-01,225550.0
RRSFS,2025-05-01,222854.0
RRSFS,2025-06-01,223835.0
RRSFS,2025-07-01,225918.0
RRSFS,2025-08-01,225814.0
RRSFS,2025-09-01,225814.0
RRSFS,2025-10-01,
RRSFS,2025-11-01,226023.0
RRSFS,2025-12-01,225352.0
RRSFS,2026-01-01,224902.0
RRSFS,2026-02-01,226372.0
RRSFS,2026-03-01,228286.0
RRSFS,2026-04-01,228364.0
RRSFS,2026-05-01,229413.0
RRSFS,2026-06-01,231107.0
RRSFS,2026-07-01,229697.0
RRSFS,2026-08-01,231630.0
TCU,2000-01-01,82.179
TCU,2000-02-01,82.1719
TCU,2000-03-01,82.2023
TCU,2000-04-01,82.4316
TCU,2000-05-01,82.3967
TCU,2000-06-01,82.1729
TCU,2000-07-01,81.7603
TCU,2000-08-01,81.2857
TCU,2000-09-01,81.4061
TCU,2000-10-01,80.8334
TCU,2000-11-01,80.5963
TCU,2000-12-01,80.0735
TCU,2001-01-01,79.4332
TCU,2001-02-01,78.6604
TCU,2001-03-01,78.2472
TCU,2001-04-01,77.7206
TCU,2001-05-01,77.1128
TCU,2001-06-01,76.4807
TCU,2001-07-01,75.7806
TCU,2001-08-01,75.4938
TCU,2001-09-01,74.9237
TCU,2001-10-01,74.5431
TCU,2001-11-01,73.9318
TCU,2001-12-01,73.7552
TCU,2002-01-01,74.1161
TCU,2002-02-01,74.0132
TCU,2002-03-01,74.4558
TCU,2002-04-01,74.7452
TCU,2002-05-01,74.9894
TCU,2002-06-01,75.569
TCU,2002-07-01,75.5228
TCU,2002-08-01,75.4317
TCU,2002-09-01,75.4995
TCU,2002-10-01,75.3553
TCU,2002-11-01,75.8001
TCU,2002-12-01,75.4073
TCU,2003-01-01,76.0829
TCU,2003-02-01,76.2008
TCU,2003-03-01,76.0272
TCU,2003-04-01,75.6028
TCU,2003-05-01,75.6099
TCU,2003-06-01,75.7311
TCU,2003-07-01,76.1369
TCU,2003-08-01,75.9832
TCU,2003-09-01,76.483
TCU,2003-10-01,76.5884
TCU,2003-11-01,77.1135
TCU,2003-12-01,77.1489
TCU,2004-01-01,77.2806
TCU,2004-02-01,77.7639
TCU,2004-03-01,77.4721
TCU,2004-04-01,77.7807
TCU,2004-05-01,78.3623
TCU,2004-06-01,77.7669
TCU,2004-07-01,78.3594
TCU,2004-08-01,78.4167
TCU,2004-09-01,78.5109
TCU,2004-10-01,79.1635
TCU,2004-11-01,79.3296
TCU,2004-12-01,79.9179
TCU,2005-01-01,80.1494
TCU,2005-02-01,80.6584
TCU,2005-03-01,80.4638
TCU,2005-04-01,80.5421
TCU,2005-05-01,80.5094
TCU,2005-06-01,80.7567
TCU,2005-07-01,80.3802
TCU,2005-08-01,80.5172
TCU,2005-09-01,78.8319
TCU,2005-10-01,79.6607
TCU,2005-11-01,80.426
TCU,2005-12-01,80.7109
TCU,2006-01-01,80.7078
TCU,2006-02-01,80.6111
TCU,2006-03-01,80.6609
TCU,2006-04-01,80.7713
TCU,2006-05-01,80.6521
TCU,2006-06-01,80.7601
TCU,2006-07-01,80.5643
TCU,2006-08-01,80.754
TCU,2006-09-01,80.4492
TCU,2006-10-01,80.1804
TCU,2006-11-01,79.9663
TCU,2006-12-01,80.5985
TCU,2007-01-01,80.1452
TCU,2007-02-01,80.7218
TCU,2007-03-01,80.6932
TCU,2007-04-01,81.0737
TCU,2007-05-01,81.0044
TCU,2007-06-01,80.9238
TCU,2007-07-01,80.7255
TCU,2007-08-01,80.8082
TCU,2007-09-01,80.9387
TCU,2007-10-01,80.6837
TCU,2007-11-01,81.1065
TCU,2007-12-01,81.1425
TCU,2008-01-01,81.0549
TCU,2008-02-01,80.7602
TCU,2008-03-01,80.5381
TCU,2008-04-01,80.0376
TCU,2008-05-01,79.5579
TCU,2008-06-01,79.3571
TCU,2008-07-01,79.0325
TCU,2008-08-01,77.7251
TCU,2008-09-01,74.2216
TCU,2008-10-01,74.8669
TCU,2008-11-01,73.782
TCU,2008-12-01,71.607
TCU,2009-01-01,69.7304
TCU,2009-02-01,69.2326
TCU,2009-03-01,68.0889
TCU,2009-04-01,67.4762
TCU,2009-05-01,66.7676
TCU,2009-06-01,66.5138
TCU,2009-07-01,67.29
TCU,2009-08-01,68.0795
TCU,2009-09-01,68.7549
TCU,2009-10-01,69.0357
TCU,2009-11-01,69.447
TCU,2009-12-01,69.8541
TCU,2010-01-01,70.7532
TCU,2010-02-01,71.1612
TCU,2010-03-01,71.7964
TCU,2010-04-01,72.1905
TCU,2010-05-01,73.3146
TCU,2010-06-01,73.5918
TCU,2010-07-01,74.0009
TCU,2010-08-01,74.3883
TCU,2010-09-01,74.7076
TCU,2010-10-01,74.58
TCU,2010-11-01,74.7131
TCU,2010-12-01,75.4968
TCU,2011-01-01,75.3741
TCU,2011-02-01,75.0928
TCU,2011-03-01,75.8747
TCU,2011-04-01,75.6127
TCU,2011-05-01,75.6684
TCU,2011-06-01,75.8425
TCU,2011-07-01,76.1431
TCU,2011-08-01,76.5667
TCU,2011-09-01,76.3992
TCU,2011-10-01,76.8123
TCU,2011-11-01,76.6783
TCU,2011-12-01,76.9495
TCU,2012-01-01,77.2652
TCU,2012-02-01,77.3673
TCU,2012-03-01,76.8194
TCU,2012-04-01,77.2234
TCU,2012-05-01,77.2546
TCU,2012-06-01,77.1149
TCU,2012-07-01,77.1372
TCU,2012-08-01,76.672
TCU,2012-09-01,76.4846
TCU,2012-10-01,76.6227
TCU,2012-11-01,76.78
TCU,2012-12-01,76.8435
TCU,2013-01-01,76.7502
TCU,2013-02-01,77.0029
TCU,2013-03-01,77.2135
TCU,2013-04-01,77.0553
TCU,2013-05-01,77.0307
TCU,2013-06-01,77.1119
TCU,2013-07-01,76.8008
TCU,2013-08-01,77.1772
TCU,2013-09-01,77.5046
TCU,2013-10-01,77.3802
TCU,2013-11-01,77.4988
TCU,2013-12-01,77.5927
TCU,2014-01-01,77.254
TCU,2014-02-01,77.7747
TCU,2014-03-01,78.4628
TCU,2014-04-01,78.4705
TCU,2014-05-01,78.6999
TCU,2014-06-01,78.8952
TCU,2014-07-01,78.9933
TCU,2014-08-01,78.7669
TCU,2014-09-01,78.9218
TCU,2014-10-01,78.8663
TCU,2014-11-01,79.2962
TCU,2014-12-01,79.2419
TCU,2015-01-01,78.5803
TCU,2015-02-01,78.055
TCU,2015-03-01,77.7804
TCU,2015-04-01,77.3487
TCU,2015-05-01,77.0092
TCU,2015-06-01,76.7774
TCU,2015-07-01,77.2924
TCU,2015-08-01,77.1715
TCU,2015-09-01,76.9791
TCU,2015-10-01,76.6282
TCU,2015-11-01,76.0819
TCU,2015-12-01,75.7214
TCU,2016-01-01,76.1248
TCU,2016-02-01,75.7291
TCU,2016-03-01,75.1587
TCU,2016-04-01,75.3969
TCU,2016-05-01,75.2034
TCU,2016-06-01,75.5298
TCU,2016-07-01,75.5839
TCU,2016-08-01,75.432
TCU,2016-09-01,75.3145
TCU,2016-10-01,75.2918
TCU,2016-11-01,74.9498
TCU,2016-12-01,75.4424
TCU,2017-01-01,75.2339
TCU,2017-02-01,74.9346
TCU,2017-03-01,75.4439
TCU,2017-04-01,76.2392
TCU,2017-05-01,76.368
TCU,2017-06-01,76.5758
TCU,2017-07-01,76.4534
TCU,2017-08-01,76.2067
TCU,2017-09-01,76.3591
TCU,2017-10-01,77.3753
TCU,2017-11-01,77.6337
TCU,2017-12-01,77.8538
TCU,2018-01-01,77.9138
TCU,2018-02-01,78.1508
TCU,2018-03-01,78.5697
TCU,2018-04-01,79.4597
TCU,2018-05-01,78.7526
TCU,2018-06-01,79.356
TCU,2018-07-01,79.4588
TCU,2018-08-01,79.9322
TCU,2018-09-01,79.9314
TCU,2018-10-01,79.7802
TCU,2018-11-01,79.7722
TCU,2018-12-01,79.7142
TCU,2019-01-01,79.1024
TCU,2019-02-01,78.5877
TCU,2019-03-01,78.5337
TCU,2019-04-01,77.9898
TCU,2019-05-01,77.9962
TCU,2019-06-01,77.9493
TCU,2019-07-01,77.4935
TCU,2019-08-01,77.9497
TCU,2019-09-01,77.6205
TCU,2019-10-01,76.9099
TCU,2019-11-01,77.252
TCU,2019-12-01,77.0416
TCU,2020-01-01,76.519
TCU,2020-02-01,76.7764
TCU,2020-03-01,73.7887
TCU,2020-04-01,64.0847
TCU,2020-05-01,65.1874
TCU,2020-06-01,69.5218
TCU,2020-07-01,72.2103
TCU,2020-08-01,73.0192
TCU,2020-09-01,73.1451
TCU,2020-10-01,73.8636
TCU,2020-11-01,74.2637
TCU,2020-12-01,75.3903
TCU,2021-01-01,75.9401
TCU,2021-02-01,73.5725
TCU,2021-03-01,75.8472
TCU,2021-04-01,76.1216
TCU,2021-05-01,76.931
TCU,2021-06-01,77.3367
TCU,2021-07-01,77.7972
TCU,2021-08-01,77.7308
TCU,2021-09-01,76.8871
TCU,2021-10-01,77.9838
TCU,2021-11-01,78.562
TCU,2021-12-01,78.3687
TCU,2022-01-01,78.088
TCU,2022-02-01,78.5777
TCU,2022-03-01,79.0253
TCU,2022-04-01,79.0418
TCU,2022-05-01,78.9224
TCU,2022-06-01,78.6259
TCU,2022-07-01,78.7204
TCU,2022-08-01,78.5438
TCU,2022-09-01,78.6087
TCU,2022-10-01,78.4843
TCU,2022-11-01,78.1544
TCU,2022-12-01,77.1334
TCU,2023-01-01,77.601
TCU,2023-02-01,77.6078
TCU,2023-03-01,77.8036
TCU,2023-04-01,77.888
TCU,2023-05-01,77.5496
TCU,2023-06-01,76.8467
TCU,2023-07-01,77.3773
TCU,2023-08-01,77.2588
TCU,2023-09-01,77.3375
TCU,2023-10-01,76.859
TCU,2023-11-01,77.1081
TCU,2023-12-01,76.858
TCU,2024-01-01,75.7542
TCU,2024-02-01,76.5157
TCU,2024-03-01,76.5964
TCU,2024-04-01,76.3803
TCU,2024-05-01,76.7961
TCU,2024-06-01,76.7586
TCU,2024-07-01,75.9946
TCU,2024-08-01,76.2697
TCU,2024-09-01,75.7216
TCU,2024-10-01,75.3852
TCU,2024-11-01,75.1681
TCU,2024-12-01,75.8651
TCU,2025-01-01,75.5781
TCU,2025-02-01,76.2685
TCU,2025-03-01,76.1318
TCU,2025-04-01,76.1048
TCU,2025-05-01,75.8894
TCU,2025-06-01,76.181
TCU,2025-07-01,76.3997
TCU,2025-08-01,76.1055
TCU,2025-09-01,76.0461
TCU,2025-10-01,75.6194
TCU,2025-11-01,75.3901
TCU,2025-12-01,75.6422
TCU,2026-01-01,75.242
TCU,2026-02-01,75.8142
TCU,2026-03-01,75.6178
TCU,2026-04-01,76.1803
TCU,2026-05-01,76.1605
TCU,2026-06-01,76.2438
TCU,2026-07-01,76.3259
TCU,2026-08-01,76.2717
UNRATE,2000-01-01,4.0
UNRATE,2000-02-01,4.1
UNRATE,2000-03-01,4.0
UNRATE,2000-04-01,3.8
UNRATE,2000-05-01,4.0
UNRATE,2000-06-01,4.0
UNRATE,2000-07-01,4.0
UNRATE,2000-08-01,4.1
UNRATE,2000-09-01,3.9
UNRATE,2000-10-01,3.9
UNRATE,2000-11-01,3.9
UNRATE,2000-12-01,3.9
UNRATE,2001-01-01,4.2
UNRATE,2001-02-01,4.2
UNRATE,2001-03-01,4.3
UNRATE,2001-04-01,4.4
UNRATE,2001-05-01,4.3
UNRATE,2001-06-01,4.5
UNRATE,2001-07-01,4.6
UNRATE,2001-08-01,4.9
UNRATE,2001-09-01,5.0
UNRATE,2001-10-01,5.3
UNRATE,2001-11-01,5.5
UNRATE,2001-12-01,5.7
UNRATE,2002-01-01,5.7
UNRATE,2002-02-01,5.7
UNRATE,2002-03-01,5.7
UNRATE,2002-04-01,5.9
UNRATE,2002-05-01,5.8
UNRATE,2002-06-01,5.8
UNRATE,2002-07-01,5.8
UNRATE,2002-08-01,5.7
UNRATE,2002-09-01,5.7
UNRATE,2002-10-01,5.7
UNRATE,2002-11-01,5.9
UNRATE,2002-12-01,6.0
UNRATE,2003-01-01,5.8
UNRATE,2003-02-01,5.9
UNRATE,2003-03-01,5.9
UNRATE,2003-04-01,6.0
UNRATE,2003-05-01,6.1
UNRATE,2003-06-01,6.3
UNRATE,2003-07-01,6.2
UNRATE,2003-08-01,6.1
UNRATE,2003-09-01,6.1
UNRATE,2003-10-01,6.0
UNRATE,2003-11-01,5.8
UNRATE,2003-12-01,5.7
UNRATE,2004-01-01,5.7
UNRATE,2004-02-01,5.6
UNRATE,2004-03-01,5.8
UNRATE,2004-04-01,5.6
UNRATE,2004-05-01,5.6
UNRATE,2004-06-01,5.6
UNRATE,2004-07-01,5.5
UNRATE,2004-08-01,5.4
UNRATE,2004-09-01,5.4
UNRATE,2004-10-01,5.5
UNRATE,2004-11-01,5.4
UNRATE,2004-12-01,5.4
UNRATE,2005-01-01,5.3
UNRATE,2005-02-01,5.4
UNRATE,2005-03-01,5.2
UNRATE,2005-04-01,5.2
UNRATE,2005-05-01,5.1
UNRATE,2005-06-01,5.0
UNRATE,2005-07-01,5.0
UNRATE,2005-08-01,4.9
UNRATE,2005-09-01,5.0
UNRATE,2005-10-01,5.0
UNRATE,2005-11-01,5.0
UNRATE,2005-12-01,4.9
UNRATE,2006-01-01,4.7
UNRATE,2006-02-01,4.8
UNRATE,2006-03-01,4.7
UNRATE,2006-04-01,4.7
UNRATE,2006-05-01,4.6
UNRATE,2006-06-01,4.6
UNRATE,2006-07-01,4.7
UNRATE,2006-08-01,4.7
UNRATE,2006-09-01,4.5
UNRATE,2006-10-01,4.4
UNRATE,2006-11-01,4.5
UNRATE,2006-12-01,4.4
UNRATE,2007-01-01,4.6
UNRATE,2007-02-01,4.5
UNRATE,2007-03-01,4.4
UNRATE,2007-04-01,4.5
UNRATE,2007-05-01,4.4
UNRATE,2007-06-01,4.6
UNRATE,2007-07-01,4.7
UNRATE,2007-08-01,4.6
UNRATE,2007-09-01,4.7
UNRATE,2007-10-01,4.7
UNRATE,2007-11-01,4.7
UNRATE,2007-12-01,5.0
UNRATE,2008-01-01,5.0
UNRATE,2008-02-01,4.9
UNRATE,2008-03-01,5.1
UNRATE,2008-04-01,5.0
UNRATE,2008-05-01,5.4
UNRATE,2008-06-01,5.6
UNRATE,2008-07-01,5.8
UNRATE,2008-08-01,6.1
UNRATE,2008-09-01,6.1
UNRATE,2008-10-01,6.5
UNRATE,2008-11-01,6.8
UNRATE,2008-12-01,7.3
UNRATE,2009-01-01,7.8
UNRATE,2009-02-01,8.3
UNRATE,2009-03-01,8.7
UNRATE,2009-04-01,9.0
UNRATE,2009-05-01,9.4
UNRATE,2009-06-01,9.5
UNRATE,2009-07-01,9.5
UNRATE,2009-08-01,9.6
UNRATE,2009-09-01,9.8
UNRATE,2009-10-01,10.0
UNRATE,2009-11-01,9.9
UNRATE,2009-12-01,9.9
UNRATE,2010-01-01,9.8
UNRATE,2010-02-01,9.8
UNRATE,2010-03-01,9.9
UNRATE,2010-04-01,9.9
UNRATE,2010-05-01,9.6
UNRATE,2010-06-01,9.4
UNRATE,2010-07-01,9.4
UNRATE,2010-08-01,9.5
UNRATE,2010-09-01,9.5
UNRATE,2010-10-01,9.4
UNRATE,2010-11-01,9.8
UNRATE,2010-12-01,9.3
UNRATE,2011-01-01,9.1
UNRATE,2011-02-01,9.0
UNRATE,2011-03-01,9.0
UNRATE,2011-04-01,9.1
UNRATE,2011-05-01,9.0
UNRATE,2011-06-01,9.1
UNRATE,2011-07-01,9.0
UNRATE,2011-08-01,9.0
UNRATE,2011-09-01,9.0
UNRATE,2011-10-01,8.8
UNRATE,2011-11-01,8.6
UNRATE,2011-12-01,8.5
UNRATE,2012-01-01,8.3
UNRATE,2012-02-01,8.3
UNRATE,2012-03-01,8.2
UNRATE,2012-04-01,8.2
UNRATE,2012-05-01,8.2
UNRATE,2012-06-01,8.2
UNRATE,2012-07-01,8.2
UNRATE,2012-08-01,8.1
UNRATE,2012-09-01,7.8
UNRATE,2012-10-01,7.8
UNRATE,2012-11-01,7.7
UNRATE,2012-12-01,7.9
UNRATE,2013-01-01,8.0
UNRATE,2013-02-01,7.7
UNRATE,2013-03-01,7.5
UNRATE,2013-04-01,7.6
UNRATE,2013-05-01,7.5
UNRATE,2013-06-01,7.5
UNRATE,2013-07-01,7.3
UNRATE,2013-08-01,7.2
UNRATE,2013-09-01,7.2
UNRATE,2013-10-01,7.2
UNRATE,2013-11-01,6.9
UNRATE,2013-12-01,6.7
UNRATE,2014-01-01,6.6
UNRATE,2014-02-01,6.7
UNRATE,2014-03-01,6.7
UNRATE,2014-04-01,6.2
UNRATE,2014-05-01,6.3
UNRATE,2014-06-01,6.1
UNRATE,2014-07-01,6.2
UNRATE,2014-08-01,6.1
UNRATE,2014-09-01,5.9
UNRATE,2014-10-01,5.7
UNRATE,2014-11-01,5.8
UNRATE,2014-12-01,5.6
UNRATE,2015-01-01,5.7
UNRATE,2015-02-01,5.5
UNRATE,2015-03-01,5.4
UNRATE,2015-04-01,5.4
UNRATE,2015-05-01,5.6
UNRATE,2015-06-01,5.3
UNRATE,2015-07-01,5.2
UNRATE,2015-08-01,5.1
UNRATE,2015-09-01,5.0
UNRATE,2015-10-01,5.0
UNRATE,2015-11-01,5.1
UNRATE,2015-12-01,5.0
UNRATE,2016-01-01,4.8
UNRATE,2016-02-01,4.9
UNRATE,2016-03-01,5.0
UNRATE,2016-04-01,5.1
UNRATE,2016-05-01,4.8
UNRATE,2016-06-01,4.9
UNRATE,2016-07-01,4.8
UNRATE,2016-08-01,4.9
UNRATE,2016-09-01,5.0
UNRATE,2016-10-01,4.9
UNRATE,2016-11-01,4.7
UNRATE,2016-12-01,4.7
UNRATE,2017-01-01,4.7
UNRATE,2017-02-01,4.6
UNRATE,2017-03-01,4.4
UNRATE,2017-04-01,4.4
UNRATE,2017-05-01,4.4
UNRATE,2017-06-01,4.3
UNRATE,2017-07-01,4.3
UNRATE,2017-08-01,4.4
UNRATE,2017-09-01,4.3
UNRATE,2017-10-01,4.2
UNRATE,2017-11-01,4.2
UNRATE,2017-12-01,4.1
UNRATE,2018-01-01,4.0
UNRATE,2018-02-01,4.1
UNRATE,2018-03-01,4.0
UNRATE,2018-04-01,4.0
UNRATE,2018-05-01,3.8
UNRATE,2018-06-01,4.0
UNRATE,2018-07-01,3.8
UNRATE,2018-08-01,3.8
UNRATE,2018-09-01,3.7
UNRATE,2018-10-01,3.8
UNRATE,2018-11-01,3.8
UNRATE,2018-12-01,3.9
UNRATE,2019-01-01,4.0
UNRATE,2019-02-01,3.8
UNRATE,2019-03-01,3.8
UNRATE,2019-04-01,3.7
UNRATE,2019-05-01,3.6
UNRATE,2019-06-01,3.6
UNRATE,2019-07-01,3.7
UNRATE,2019-08-01,3.6
UNRATE,2019-09-01,3.5
UNRATE,2019-10-01,3.6
UNRATE,2019-11-01,3.6
UNRATE,2019-12-01,3.6
UNRATE,2020-01-01,3.6
UNRATE,2020-02-01,3.5
UNRATE,2020-03-01,4.4
UNRATE,2020-04-01,14.8
UNRATE,2020-05-01,13.2
UNRATE,2020-06-01,11.0
UNRATE,2020-07-01,10.2
UNRATE,2020-08-01,8.4
UNRATE,2020-09-01,7.8
UNRATE,2020-10-01,6.9
UNRATE,2020-11-01,6.7
UNRATE,2020-12-01,6.7
UNRATE,2021-01-01,6.4
UNRATE,2021-02-01,6.2
UNRATE,2021-03-01,6.1
UNRATE,2021-04-01,6.1
UNRATE,2021-05-01,5.8
UNRATE,2021-06-01,5.9
UNRATE,2021-07-01,5.4
UNRATE,2021-08-01,5.1
UNRATE,2021-09-01,4.7
UNRATE,2021-10-01,4.5
UNRATE,2021-11-01,4.1
UNRATE,2021-12-01,3.9
UNRATE,2022-01-01,4.0
UNRATE,2022-02-01,3.9
UNRATE,2022-03-01,3.7
UNRATE,2022-04-01,3.7
UNRATE,2022-05-01,3.6
UNRATE,2022-06-01,3.6
UNRATE,2022-07-01,3.5
UNRATE,2022-08-01,3.6
UNRATE,2022-09-01,3.5
UNRATE,2022-10-01,3.6
UNRATE,2022-11-01,3.6
UNRATE,2022-12-01,3.5
UNRATE,2023-01-01,3.5
UNRATE,2023-02-01,3.6
UNRATE,2023-03-01,3.5
UNRATE,2023-04-01,3.4
UNRATE,2023-05-01,3.6
UNRATE,2023-06-01,3.6
UNRATE,2023-07-01,3.5
UNRATE,2023-08-01,3.7
UNRATE,2023-09-01,3.7
UNRATE,2023-10-01,3.9
UNRATE,2023-11-01,3.7
UNRATE,2023-12-01,3.8
UNRATE,2024-01-01,3.7
UNRATE,2024-02-01,3.9
UNRATE,2024-03-01,3.9
UNRATE,2024-04-01,3.9
UNRATE,2024-05-01,3.9
UNRATE,2024-06-01,4.1
UNRATE,2024-07-01,4.2
UNRATE,2024-08-01,4.2
UNRATE,2024-09-01,4.1
UNRATE,2024-10-01,4.1
UNRATE,2024-11-01,4.2
UNRATE,2024-12-01,4.1
UNRATE,2025-01-01,4.0
UNRATE,2025-02-01,4.2
UNRATE,2025-03-01,4.2
UNRATE,2025-04-01,4.2
UNRATE,2025-05-01,4.3
UNRATE,2025-06-01,4.1
UNRATE,2025-07-01,4.3
UNRATE,2025-08-01,4.3
UNRATE,2025-09-01,4.4
UNRATE,2025-10-01,
UNRATE,2025-11-01,4.5
UNRATE,2025-12-01,4.4
UNRATE,2026-01-01,4.3
UNRATE,2026-02-01,4.4
UNRATE,2026-03-01,4.3
UNRATE,2026-04-01,4.3
UNRATE,2026-05-01,4.3
UNRATE,2026-06-01,4.2
UNRATE,2026-07-01,4.1
UNRATE,2026-08-01,4.1
